Date,AMZN Closing Price,AMZN Daily Percent Return,,
12/31/04,44.29,,,
1/3/05,44.52,0.52,,
1/4/05,42.14,-5.35,,
1/5/05,41.77,-0.88,,
1/6/05,41.05,-1.72,,
1/7/05,42.32,3.09,,
1/10/05,41.84,-1.13,,
1/11/05,41.64,-0.48,,
1/12/05,42.30,1.59,,
1/13/05,42.60,0.71,,
1/14/05,44.55,4.58,,
1/18/05,44.58,0.07,,
1/19/05,43.96,-1.39,,
1/20/05,42.36,-3.64,,
1/21/05,41.16,-2.83,,
1/24/05,40.38,-1.90,,
1/25/05,40.94,1.39,,
1/26/05,41.34,0.98,,
1/27/05,42.31,2.35,,
1/28/05,42.22,-0.21,,
1/31/05,43.22,2.37,,
2/1/05,42.48,-1.71,,
2/2/05,41.88,-1.41,,
2/3/05,35.75,-14.64,,
2/4/05,35.72,-0.08,,
2/7/05,35.69,-0.08,,
2/8/05,36.30,1.71,,
2/9/05,35.89,-1.13,,
2/10/05,35.78,-0.31,,
2/11/05,35.78,0.00,,
2/14/05,36.03,0.70,,
2/15/05,36.14,0.31,,
2/16/05,35.66,-1.33,,
2/17/05,35.69,0.08,,
2/18/05,35.31,-1.06,,
2/22/05,34.72,-1.67,,
2/23/05,34.14,-1.67,,
2/24/05,34.69,1.61,,
2/25/05,34.99,0.86,,
2/28/05,35.18,0.54,,
3/1/05,35.39,0.60,,
3/2/05,35.50,0.31,,
3/3/05,35.65,0.42,,
3/4/05,35.85,0.56,,
3/7/05,36.32,1.31,,
3/8/05,35.83,-1.35,,
3/9/05,35.40,-1.20,,
3/10/05,34.91,-1.38,,
3/11/05,34.75,-0.46,,
3/14/05,34.60,-0.43,,
3/15/05,34.18,-1.21,,
3/16/05,33.87,-0.91,,
3/17/05,33.97,0.30,,
3/18/05,34.16,0.56,,
3/21/05,33.67,-1.43,,
3/22/05,33.15,-1.54,,
3/23/05,33.18,0.09,,
3/24/05,32.88,-0.90,,
3/28/05,33.39,1.55,,
3/29/05,33.43,0.12,,
3/30/05,34.32,2.66,,
3/31/05,34.27,-0.15,,
4/1/05,34.01,-0.76,,
4/4/05,35.00,2.91,,
4/5/05,35.28,0.80,,
4/6/05,34.82,-1.30,,
4/7/05,34.90,0.23,,
4/8/05,34.60,-0.86,,
4/11/05,34.60,0.00,,
4/12/05,34.63,0.09,,
4/13/05,34.30,-0.95,,
4/14/05,33.97,-0.96,,
4/15/05,33.02,-2.80,,
4/18/05,33.00,-0.06,,
4/19/05,32.78,-0.67,,
4/20/05,33.25,1.43,,
4/21/05,33.73,1.44,,
4/22/05,33.04,-2.05,,
4/25/05,33.53,1.48,,
4/26/05,32.71,-2.45,,
4/27/05,31.72,-3.03,,
4/28/05,32.52,2.52,,
4/29/05,32.36,-0.49,,
5/2/05,33.10,2.29,,
5/3/05,33.21,0.33,,
5/4/05,33.96,2.26,,
5/5/05,33.96,0.00,,
5/6/05,34.52,1.65,,
5/9/05,34.64,0.35,,
5/10/05,34.23,-1.18,,
5/11/05,33.82,-1.20,,
5/12/05,33.85,0.09,,
5/13/05,33.90,0.15,,
5/16/05,34.54,1.89,,
5/17/05,34.73,0.55,,
5/18/05,35.33,1.73,,
5/19/05,35.59,0.74,,
5/20/05,35.50,-0.25,,
5/23/05,35.68,0.51,,
5/24/05,35.54,-0.39,,
5/25/05,35.25,-0.82,,
5/26/05,35.45,0.57,,
5/27/05,35.50,0.14,,
5/31/05,35.51,0.03,,
6/1/05,36.50,2.79,,
6/2/05,36.41,-0.25,,
6/3/05,35.59,-2.25,,
6/6/05,35.77,0.51,,
6/7/05,35.35,-1.17,,
6/8/05,34.83,-1.47,,
6/9/05,35.20,1.06,,
6/10/05,34.95,-0.71,,
6/13/05,34.87,-0.23,,
6/14/05,35.04,0.49,,
6/15/05,35.24,0.57,,
6/16/05,35.58,0.96,,
6/17/05,35.31,-0.76,,
6/20/05,35.69,1.08,,
6/21/05,35.38,-0.87,,
6/22/05,35.22,-0.45,,
6/23/05,35.43,0.60,,
6/24/05,35.02,-1.16,,
6/27/05,34.50,-1.48,,
6/28/05,33.71,-2.29,,
6/29/05,33.35,-1.07,,
6/30/05,33.09,-0.78,,
7/1/05,32.91,-0.54,,
7/5/05,34.08,3.56,,
7/6/05,34.06,-0.06,,
7/7/05,33.96,-0.29,,
7/8/05,34.74,2.30,,
7/11/05,35.59,2.45,,
7/12/05,36.31,2.02,,
7/13/05,36.51,0.55,,
7/14/05,37.19,1.86,,
7/15/05,37.15,-0.11,,
7/18/05,37.19,0.11,,
7/19/05,38.17,2.64,,
7/20/05,38.17,0.00,,
7/21/05,37.95,-0.58,,
7/22/05,37.95,0.00,,
7/25/05,37.95,0.00,,
7/26/05,37.74,-0.55,,
7/27/05,43.65,15.66,,
7/28/05,45.68,4.65,,
7/29/05,45.15,-1.16,,
8/1/05,44.93,-0.49,,
8/2/05,46.51,3.52,,
8/3/05,46.11,-0.86,,
8/4/05,45.46,-1.41,,
8/5/05,45.27,-0.42,,
8/8/05,45.66,0.86,,
8/9/05,45.93,0.59,,
8/10/05,44.76,-2.55,,
8/11/05,45.21,1.01,,
8/12/05,44.20,-2.23,,
8/15/05,45.04,1.90,,
8/16/05,44.27,-1.71,,
8/17/05,44.12,-0.34,,
8/18/05,43.73,-0.88,,
8/19/05,43.72,-0.02,,
8/22/05,43.77,0.11,,
8/23/05,43.42,-0.80,,
8/24/05,42.37,-2.42,,
8/25/05,42.31,-0.14,,
8/26/05,42.37,0.14,,
8/29/05,42.79,0.99,,
8/30/05,42.49,-0.70,,
8/31/05,42.70,0.49,,
9/1/05,41.84,-2.01,,
9/2/05,41.51,-0.79,,
9/6/05,43.62,5.08,,
9/7/05,43.73,0.25,,
9/8/05,42.96,-1.76,,
9/9/05,42.95,-0.02,,
9/12/05,44.50,3.61,,
9/13/05,43.93,-1.28,,
9/14/05,43.10,-1.89,,
9/15/05,42.71,-0.90,,
9/16/05,42.80,0.21,,
9/19/05,42.75,-0.12,,
9/20/05,41.87,-2.06,,
9/21/05,41.25,-1.48,,
9/22/05,42.08,2.01,,
9/23/05,42.19,0.26,,
9/26/05,43.34,2.73,,
9/27/05,43.16,-0.42,,
9/28/05,43.37,0.49,,
9/29/05,44.79,3.27,,
9/30/05,45.30,1.14,,
10/3/05,46.01,1.57,,
10/4/05,44.93,-2.35,,
10/5/05,44.49,-0.98,,
10/6/05,44.01,-1.08,,
10/7/05,43.72,-0.66,,
10/10/05,43.76,0.09,,
10/11/05,43.40,-0.82,,
10/12/05,42.55,-1.96,,
10/13/05,42.62,0.16,,
10/14/05,43.79,2.75,,
10/17/05,45.02,2.81,,
10/18/05,44.65,-0.82,,
10/19/05,45.86,2.71,,
10/20/05,45.01,-1.85,,
10/21/05,45.95,2.09,,
10/24/05,46.93,2.13,,
10/25/05,46.17,-1.62,,
10/26/05,39.75,-13.91,,
10/27/05,39.06,-1.74,,
10/28/05,38.95,-0.28,,
10/31/05,39.86,2.34,,
11/1/05,40.37,1.28,,
11/2/05,40.75,0.94,,
11/3/05,41.56,1.99,,
11/4/05,41.09,-1.13,,
11/7/05,41.39,0.73,,
11/8/05,41.95,1.35,,
11/9/05,41.40,-1.31,,
11/10/05,42.18,1.88,,
11/11/05,42.68,1.19,,
11/14/05,42.53,-0.35,,
11/15/05,44.45,4.51,,
11/16/05,45.30,1.91,,
11/17/05,46.74,3.18,,
11/18/05,47.98,2.65,,
11/21/05,47.99,0.02,,
11/22/05,48.85,1.79,,
11/23/05,48.24,-1.25,,
11/25/05,48.06,-0.37,,
11/28/05,48.35,0.60,,
11/29/05,48.55,0.41,,
11/30/05,48.46,-0.19,,
12/1/05,49.00,1.11,,
12/2/05,49.06,0.12,,
12/5/05,48.83,-0.47,,
12/6/05,49.26,0.88,,
12/7/05,48.83,-0.87,,
12/8/05,48.35,-0.98,,
12/9/05,48.74,0.81,,
12/12/05,49.07,0.68,,
12/13/05,49.50,0.88,,
12/14/05,49.41,-0.18,,
12/15/05,49.48,0.14,,
12/16/05,49.21,-0.55,,
12/19/05,48.37,-1.71,,
12/20/05,48.14,-0.48,,
12/21/05,48.97,1.72,,
12/22/05,49.22,0.51,,
12/23/05,49.22,0.00,,
12/27/05,48.56,-1.34,,
12/28/05,48.06,-1.03,,
12/29/05,47.99,-0.15,,
12/30/05,47.15,-1.75,,
1/3/06,47.58,0.91,,
1/4/06,47.25,-0.69,,
1/5/06,47.65,0.85,,
1/6/06,47.87,0.46,,
1/9/06,47.08,-1.65,,
1/10/06,45.65,-3.04,,
1/11/06,44.93,-1.58,,
1/12/06,44.36,-1.27,,
1/13/06,44.40,0.09,,
1/17/06,44.00,-0.90,,
1/18/06,44.32,0.73,,
1/19/06,44.45,0.29,,
1/20/06,43.92,-1.19,,
1/23/06,43.73,-0.43,,
1/24/06,44.02,0.66,,
1/25/06,43.60,-0.95,,
1/26/06,44.68,2.48,,
1/27/06,45.22,1.21,,
1/30/06,44.96,-0.57,,
1/31/06,44.82,-0.31,,
2/1/06,43.98,-1.87,,
2/2/06,42.74,-2.82,,
2/3/06,38.33,-10.32,,
2/6/06,37.95,-0.99,,
2/7/06,37.52,-1.13,,
2/8/06,38.17,1.73,,
2/9/06,37.99,-0.47,,
2/10/06,38.52,1.40,,
2/13/06,37.86,-1.71,,
2/14/06,38.25,1.03,,
2/15/06,39.26,2.64,,
2/16/06,39.15,-0.28,,
2/17/06,39.19,0.10,,
2/21/06,38.29,-2.30,,
2/22/06,38.72,1.12,,
2/23/06,37.90,-2.12,,
2/24/06,38.35,1.19,,
2/27/06,38.01,-0.89,,
2/28/06,37.44,-1.50,,
3/1/06,37.12,-0.85,,
3/2/06,36.88,-0.65,,
3/3/06,37.21,0.89,,
3/6/06,36.86,-0.94,,
3/7/06,36.93,0.19,,
3/8/06,36.81,-0.32,,
3/9/06,36.12,-1.87,,
3/10/06,36.22,0.28,,
3/13/06,36.19,-0.08,,
3/14/06,36.91,1.99,,
3/15/06,36.89,-0.05,,
3/16/06,36.77,-0.33,,
3/17/06,35.99,-2.12,,
3/20/06,36.23,0.67,,
3/21/06,35.92,-0.86,,
3/22/06,36.00,0.22,,
3/23/06,35.68,-0.89,,
3/24/06,35.47,-0.59,,
3/27/06,35.25,-0.62,,
3/28/06,35.69,1.25,,
3/29/06,36.32,1.77,,
3/30/06,36.67,0.96,,
3/31/06,36.53,-0.38,,
4/3/06,36.14,-1.07,,
4/4/06,36.77,1.74,,
4/5/06,37.34,1.55,,
4/6/06,38.51,3.13,,
4/7/06,37.09,-3.69,,
4/10/06,36.61,-1.29,,
4/11/06,36.06,-1.50,,
4/12/06,36.13,0.19,,
4/13/06,36.62,1.36,,
4/17/06,35.27,-3.69,,
4/18/06,36.28,2.86,,
4/19/06,36.89,1.68,,
4/20/06,36.34,-1.49,,
4/21/06,36.03,-0.85,,
4/24/06,35.79,-0.67,,
4/25/06,35.55,-0.67,,
4/26/06,35.79,0.68,,
4/27/06,35.74,-0.14,,
4/28/06,35.21,-1.48,,
5/1/06,34.59,-1.76,,
5/2/06,34.38,-0.61,,
5/3/06,33.96,-1.22,,
5/4/06,34.47,1.50,,
5/5/06,35.04,1.65,,
5/8/06,34.69,-1.00,,
5/9/06,34.84,0.43,,
5/10/06,34.16,-1.95,,
5/11/06,33.53,-1.84,,
5/12/06,32.73,-2.39,,
5/15/06,32.78,0.15,,
5/16/06,32.76,-0.06,,
5/17/06,31.61,-3.51,,
5/18/06,32.61,3.16,,
5/19/06,33.94,4.08,,
5/22/06,34.83,2.62,,
5/23/06,33.76,-3.07,,
5/24/06,35.19,4.24,,
5/25/06,35.63,1.25,,
5/26/06,36.07,1.23,,
5/30/06,34.64,-3.96,,
5/31/06,34.61,-0.09,,
6/1/06,35.07,1.33,,
6/2/06,34.76,-0.88,,
6/5/06,33.49,-3.65,,
6/6/06,33.41,-0.24,,
6/7/06,33.77,1.08,,
6/8/06,33.55,-0.65,,
6/9/06,33.78,0.69,,
6/12/06,33.60,-0.53,,
6/13/06,33.47,-0.39,,
6/14/06,33.68,0.63,,
6/15/06,34.96,3.80,,
6/16/06,35.09,0.37,,
6/19/06,35.07,-0.06,,
6/20/06,35.48,1.17,,
6/21/06,36.65,3.30,,
6/22/06,36.37,-0.76,,
6/23/06,36.55,0.49,,
6/26/06,36.77,0.60,,
6/27/06,36.48,-0.79,,
6/28/06,36.70,0.60,,
6/29/06,38.52,4.96,,
6/30/06,38.68,0.42,,
7/3/06,38.61,-0.18,,
7/5/06,37.11,-3.89,,
7/6/06,36.80,-0.84,,
7/7/06,36.11,-1.87,,
7/10/06,35.79,-0.89,,
7/11/06,35.66,-0.36,,
7/12/06,34.63,-2.89,,
7/13/06,33.73,-2.60,,
7/14/06,32.92,-2.40,,
7/17/06,33.67,2.28,,
7/18/06,33.49,-0.53,,
7/19/06,34.48,2.96,,
7/20/06,34.18,-0.87,,
7/21/06,33.19,-2.90,,
7/24/06,34.31,3.37,,
7/25/06,33.59,-2.10,,
7/26/06,26.26,-21.82,,
7/27/06,26.56,1.14,,
7/28/06,27.17,2.30,,
7/31/06,26.89,-1.03,,
8/1/06,26.32,-2.12,,
8/2/06,26.09,-0.87,,
8/3/06,26.69,2.30,,
8/4/06,27.29,2.25,,
8/7/06,26.78,-1.87,,
8/8/06,26.36,-1.57,,
8/9/06,26.21,-0.57,,
8/10/06,26.49,1.07,,
8/11/06,26.07,-1.59,,
8/14/06,26.53,1.76,,
8/15/06,27.77,4.67,,
8/16/06,27.95,0.65,,
8/17/06,29.09,4.08,,
8/18/06,29.12,0.10,,
8/21/06,28.13,-3.40,,
8/22/06,28.37,0.85,,
8/23/06,28.14,-0.81,,
8/24/06,27.97,-0.60,,
8/25/06,28.03,0.21,,
8/28/06,28.91,3.14,,
8/29/06,29.52,2.11,,
8/30/06,30.67,3.90,,
8/31/06,30.83,0.52,,
9/1/06,31.76,3.02,,
9/5/06,32.23,1.48,,
9/6/06,30.80,-4.44,,
9/7/06,29.73,-3.47,,
9/8/06,30.51,2.62,,
9/11/06,30.79,0.92,,
9/12/06,31.72,3.02,,
9/13/06,31.67,-0.16,,
9/14/06,31.65,-0.06,,
9/15/06,32.52,2.75,,
9/18/06,32.08,-1.35,,
9/19/06,31.58,-1.56,,
9/20/06,32.12,1.71,,
9/21/06,30.22,-5.92,,
9/22/06,30.84,2.05,,
9/25/06,31.79,3.08,,
9/26/06,32.50,2.23,,
9/27/06,32.33,-0.52,,
9/28/06,31.84,-1.52,,
9/29/06,32.12,0.88,,
10/2/06,30.87,-3.89,,
10/3/06,31.70,2.69,,
10/4/06,32.76,3.34,,
10/5/06,33.32,1.71,,
10/6/06,32.59,-2.19,,
10/9/06,33.38,2.42,,
10/10/06,32.62,-2.28,,
10/11/06,32.91,0.89,,
10/12/06,33.55,1.94,,
10/13/06,33.32,-0.69,,
10/16/06,32.60,-2.16,,
10/17/06,32.47,-0.40,,
10/18/06,32.31,-0.49,,
10/19/06,32.54,0.71,,
10/20/06,32.57,0.09,,
10/23/06,32.88,0.95,,
10/24/06,33.63,2.28,,
10/25/06,37.68,12.04,,
10/26/06,38.30,1.65,,
10/27/06,38.24,-0.16,,
10/30/06,38.15,-0.24,,
10/31/06,38.09,-0.16,,
11/1/06,37.56,-1.39,,
11/2/06,37.45,-0.29,,
11/3/06,37.46,0.03,,
11/6/06,38.21,2.00,,
11/7/06,38.77,1.47,,
11/8/06,39.47,1.81,,
11/9/06,38.84,-1.60,,
11/10/06,39.26,1.08,,
11/13/06,39.99,1.86,,
11/14/06,41.51,3.80,,
11/15/06,42.60,2.63,,
11/16/06,42.84,0.56,,
11/17/06,42.55,-0.68,,
11/20/06,42.44,-0.26,,
11/21/06,42.54,0.24,,
11/22/06,42.96,0.99,,
11/24/06,42.41,-1.28,,
11/27/06,40.85,-3.68,,
11/28/06,40.92,0.17,,
11/29/06,40.63,-0.71,,
11/30/06,40.34,-0.71,,
12/1/06,39.41,-2.31,,
12/4/06,39.10,-0.79,,
12/5/06,38.98,-0.31,,
12/6/06,38.90,-0.21,,
12/7/06,38.12,-2.01,,
12/8/06,38.46,0.89,,
12/11/06,38.69,0.60,,
12/12/06,38.46,-0.59,,
12/13/06,38.50,0.10,,
12/14/06,39.02,1.35,,
12/15/06,40.01,2.54,,
12/18/06,39.26,-1.87,,
12/19/06,39.42,0.41,,
12/20/06,40.01,1.50,,
12/21/06,39.89,-0.30,,
12/22/06,40.24,0.88,,
12/26/06,39.80,-1.09,,
12/27/06,40.29,1.23,,
12/28/06,40.21,-0.20,,
12/29/06,39.46,-1.87,,
1/3/07,38.70,-1.93,,
1/4/07,38.90,0.52,,
1/5/07,38.37,-1.36,,
1/8/07,37.50,-2.27,,
1/9/07,37.78,0.75,,
1/10/07,37.15,-1.67,,
1/11/07,37.40,0.67,,
1/12/07,38.20,2.14,,
1/16/07,38.66,1.20,,
1/17/07,37.88,-2.02,,
1/18/07,36.98,-2.38,,
1/19/07,37.02,0.11,,
1/22/07,36.95,-0.19,,
1/23/07,36.43,-1.41,,
1/24/07,37.26,2.28,,
1/25/07,37.08,-0.48,,
1/26/07,36.85,-0.62,,
1/29/07,37.43,1.57,,
1/30/07,37.05,-1.02,,
1/31/07,37.67,1.67,,
2/1/07,38.70,2.73,,
2/2/07,37.39,-3.39,,
2/5/07,37.16,-0.62,,
2/6/07,38.27,2.99,,
2/7/07,38.98,1.86,,
2/8/07,39.10,0.31,,
2/9/07,38.72,-0.97,,
2/12/07,38.85,0.34,,
2/13/07,39.31,1.18,,
2/14/07,40.14,2.11,,
2/15/07,40.06,-0.20,,
2/16/07,40.33,0.67,,
2/20/07,41.51,2.93,,
2/21/07,41.26,-0.60,,
2/22/07,41.00,-0.63,,
2/23/07,40.78,-0.54,,
2/26/07,40.88,0.25,,
2/27/07,38.83,-5.01,,
2/28/07,39.14,0.80,,
3/1/07,38.85,-0.74,,
3/2/07,37.69,-2.99,,
3/5/07,37.05,-1.70,,
3/6/07,38.58,4.13,,
3/7/07,38.36,-0.57,,
3/8/07,38.10,-0.68,,
3/9/07,38.84,1.94,,
3/12/07,38.81,-0.08,,
3/13/07,37.82,-2.55,,
3/14/07,38.08,0.69,,
3/15/07,37.78,-0.79,,
3/16/07,37.85,0.19,,
3/19/07,38.45,1.59,,
3/20/07,38.58,0.34,,
3/21/07,39.80,3.16,,
3/22/07,39.49,-0.78,,
3/23/07,38.98,-1.29,,
3/26/07,39.01,0.08,,
3/27/07,39.37,0.92,,
3/28/07,39.34,-0.08,,
3/29/07,39.81,1.19,,
3/30/07,39.79,-0.05,,
4/2/07,40.42,1.58,,
4/3/07,41.19,1.90,,
4/4/07,41.53,0.83,,
4/5/07,41.68,0.36,,
4/9/07,41.66,-0.05,,
4/10/07,41.86,0.48,,
4/11/07,41.68,-0.43,,
4/12/07,42.27,1.42,,
4/13/07,42.41,0.33,,
4/16/07,45.20,6.58,,
4/17/07,45.07,-0.29,,
4/18/07,44.99,-0.18,,
4/19/07,44.64,-0.78,,
4/20/07,44.95,0.69,,
4/23/07,44.77,-0.40,,
4/24/07,44.75,-0.04,,
4/25/07,56.81,26.95,,
4/26/07,62.78,10.51,,
4/27/07,62.60,-0.29,,
4/30/07,61.33,-2.03,,
5/1/07,62.04,1.16,,
5/2/07,61.18,-1.39,,
5/3/07,62.19,1.65,,
5/4/07,63.23,1.67,,
5/7/07,60.82,-3.81,,
5/8/07,61.83,1.66,,
5/9/07,62.85,1.65,,
5/10/07,60.92,-3.07,,
5/11/07,61.56,1.05,,
5/14/07,61.70,0.23,,
5/15/07,60.58,-1.82,,
5/16/07,63.22,4.36,,
5/17/07,62.17,-1.66,,
5/18/07,63.30,1.82,,
5/21/07,68.30,7.90,,
5/22/07,68.88,0.85,,
5/23/07,69.00,0.17,,
5/24/07,69.35,0.51,,
5/25/07,68.55,-1.15,,
5/29/07,69.63,1.58,,
5/30/07,69.86,0.33,,
5/31/07,69.14,-1.03,,
6/1/07,68.58,-0.81,,
6/4/07,70.42,2.68,,
6/5/07,73.65,4.59,,
6/6/07,72.29,-1.85,,
6/7/07,72.04,-0.35,,
6/8/07,73.24,1.67,,
6/11/07,71.17,-2.83,,
6/12/07,70.07,-1.55,,
6/13/07,70.89,1.17,,
6/14/07,71.94,1.48,,
6/15/07,72.40,0.64,,
6/18/07,71.83,-0.79,,
6/19/07,69.81,-2.81,,
6/20/07,69.10,-1.02,,
6/21/07,69.67,0.82,,
6/22/07,68.86,-1.16,,
6/25/07,68.66,-0.29,,
6/26/07,67.48,-1.72,,
6/27/07,68.14,0.98,,
6/28/07,68.89,1.10,,
6/29/07,68.41,-0.70,,
7/2/07,69.61,1.75,,
7/3/07,69.45,-0.23,,
7/5/07,68.73,-1.04,,
7/6/07,68.97,0.35,,
7/9/07,72.07,4.49,,
7/10/07,70.28,-2.48,,
7/11/07,70.73,0.64,,
7/12/07,72.79,2.91,,
7/13/07,75.10,3.17,,
7/16/07,73.69,-1.88,,
7/17/07,73.79,0.14,,
7/18/07,73.32,-0.64,,
7/19/07,73.35,0.04,,
7/20/07,71.63,-2.34,,
7/23/07,71.74,0.15,,
7/24/07,69.25,-3.47,,
7/25/07,86.18,24.45,,
7/26/07,84.01,-2.52,,
7/27/07,84.04,0.04,,
7/30/07,82.70,-1.59,,
7/31/07,78.54,-5.03,,
8/1/07,77.31,-1.57,,
8/2/07,79.71,3.10,,
8/3/07,76.80,-3.65,,
8/6/07,79.00,2.86,,
8/7/07,79.14,0.18,,
8/8/07,77.78,-1.72,,
8/9/07,74.11,-4.72,,
8/10/07,74.78,0.90,,
8/13/07,74.87,0.12,,
8/14/07,73.45,-1.90,,
8/15/07,72.38,-1.46,,
8/16/07,72.79,0.57,,
8/17/07,75.02,3.06,,
8/20/07,74.70,-0.43,,
8/21/07,77.49,3.73,,
8/22/07,78.50,1.30,,
8/23/07,77.30,-1.53,,
8/24/07,79.25,2.52,,
8/27/07,78.65,-0.76,,
8/28/07,76.22,-3.09,,
8/29/07,79.05,3.71,,
8/30/07,78.68,-0.47,,
8/31/07,79.91,1.56,,
9/4/07,82.70,3.49,,
9/5/07,83.75,1.27,,
9/6/07,86.21,2.94,,
9/7/07,84.52,-1.96,,
9/10/07,83.34,-1.40,,
9/11/07,86.28,3.53,,
9/12/07,87.30,1.18,,
9/13/07,87.26,-0.05,,
9/14/07,87.77,0.58,,
9/17/07,86.91,-0.98,,
9/18/07,88.75,2.12,,
9/19/07,89.00,0.28,,
9/20/07,89.65,0.73,,
9/21/07,91.30,1.84,,
9/24/07,92.59,1.41,,
9/25/07,93.48,0.96,,
9/26/07,93.43,-0.05,,
9/27/07,93.38,-0.05,,
9/28/07,93.15,-0.25,,
10/1/07,93.41,0.28,,
10/2/07,92.36,-1.12,,
10/3/07,92.46,0.11,,
10/4/07,92.26,-0.22,,
10/5/07,93.43,1.27,,
10/8/07,95.85,2.59,,
10/9/07,95.32,-0.55,,
10/10/07,94.66,-0.69,,
10/11/07,89.34,-5.62,,
10/12/07,92.37,3.39,,
10/15/07,90.53,-1.99,,
10/16/07,89.53,-1.10,,
10/17/07,90.55,1.14,,
10/18/07,89.85,-0.77,,
10/19/07,89.76,-0.10,,
10/22/07,91.29,1.70,,
10/23/07,100.82,10.44,,
10/24/07,88.73,-11.99,,
10/25/07,88.21,-0.59,,
10/26/07,90.00,2.03,,
10/29/07,90.10,0.11,,
10/30/07,88.24,-2.06,,
10/31/07,89.15,1.03,,
11/1/07,87.65,-1.68,,
11/2/07,85.98,-1.91,,
11/5/07,84.37,-1.87,,
11/6/07,87.27,3.44,,
11/7/07,87.04,-0.26,,
11/8/07,83.58,-3.98,,
11/9/07,78.89,-5.61,,
11/12/07,77.00,-2.40,,
11/13/07,79.86,3.71,,
11/14/07,78.51,-1.69,,
11/15/07,77.85,-0.84,,
11/16/07,78.60,0.96,,
11/19/07,79.18,0.74,,
11/20/07,80.39,1.53,,
11/21/07,79.76,-0.78,,
11/23/07,81.43,2.09,,
11/26/07,81.30,-0.16,,
11/27/07,85.59,5.28,,
11/28/07,90.30,5.50,,
11/29/07,89.15,-1.27,,
11/30/07,90.56,1.58,,
12/3/07,90.91,0.39,,
12/4/07,94.41,3.85,,
12/5/07,93.19,-1.29,,
12/6/07,94.21,1.09,,
12/7/07,94.31,0.11,,
12/10/07,93.02,-1.37,,
12/11/07,90.75,-2.44,,
12/12/07,91.28,0.58,,
12/13/07,92.40,1.23,,
12/14/07,89.08,-3.59,,
12/17/07,85.09,-4.48,,
12/18/07,86.89,2.12,,
12/19/07,89.38,2.87,,
12/20/07,90.58,1.34,,
12/21/07,91.26,0.75,,
12/24/07,91.01,-0.27,,
12/26/07,92.85,2.02,,
12/27/07,94.25,1.51,,
12/28/07,94.45,0.21,,
12/31/07,92.64,-1.92,,
1/2/08,96.25,3.90,,
1/3/08,95.21,-1.08,,
1/4/08,88.79,-6.74,,
1/7/08,88.82,0.03,,
1/8/08,87.88,-1.06,,
1/9/08,85.22,-3.03,,
1/10/08,84.26,-1.13,,
1/11/08,81.08,-3.77,,
1/14/08,82.87,2.21,,
1/15/08,80.24,-3.17,,
1/16/08,80.35,0.14,,
1/17/08,80.12,-0.29,,
1/18/08,79.76,-0.45,,
1/22/08,78.48,-1.60,,
1/23/08,73.97,-5.75,,
1/24/08,77.67,5.00,,
1/25/08,77.60,-0.09,,
1/28/08,75.82,-2.29,,
1/29/08,73.95,-2.47,,
1/30/08,74.21,0.35,,
1/31/08,77.70,4.70,,
2/1/08,74.63,-3.95,,
2/4/08,73.95,-0.91,,
2/5/08,72.09,-2.52,,
2/6/08,68.49,-4.99,,
2/7/08,70.91,3.53,,
2/8/08,73.50,3.65,,
2/11/08,75.19,2.30,,
2/12/08,74.45,-0.98,,
2/13/08,77.73,4.41,,
2/14/08,75.80,-2.48,,
2/15/08,72.96,-3.75,,
2/19/08,72.08,-1.21,,
2/20/08,73.64,2.16,,
2/21/08,69.90,-5.08,,
2/22/08,72.08,3.12,,
2/25/08,73.27,1.65,,
2/26/08,71.69,-2.16,,
2/27/08,70.87,-1.14,,
2/28/08,67.85,-4.26,,
2/29/08,64.47,-4.98,,
3/3/08,62.43,-3.16,,
3/4/08,65.34,4.66,,
3/5/08,64.99,-0.54,,
3/6/08,62.74,-3.46,,
3/7/08,64.09,2.15,,
3/10/08,63.47,-0.97,,
3/11/08,67.15,5.80,,
3/12/08,66.51,-0.95,,
3/13/08,68.32,2.72,,
3/14/08,68.22,-0.15,,
3/17/08,66.53,-2.48,,
3/18/08,71.70,7.77,,
3/19/08,70.17,-2.13,,
3/20/08,73.19,4.30,,
3/24/08,75.95,3.77,,
3/25/08,75.17,-1.03,,
3/26/08,73.80,-1.82,,
3/27/08,70.80,-4.07,,
3/28/08,69.76,-1.47,,
3/31/08,71.30,2.21,,
4/1/08,76.70,7.57,,
4/2/08,77.37,0.87,,
4/3/08,74.94,-3.14,,
4/4/08,76.87,2.58,,
4/7/08,76.90,0.04,,
4/8/08,77.30,0.52,,
4/9/08,74.39,-3.76,,
4/10/08,74.83,0.59,,
4/11/08,71.99,-3.80,,
4/14/08,72.61,0.86,,
4/15/08,72.50,-0.15,,
4/16/08,74.59,2.88,,
4/17/08,74.04,-0.74,,
4/18/08,80.10,8.18,,
4/21/08,80.18,0.10,,
4/22/08,79.60,-0.72,,
4/23/08,81.00,1.76,,
4/24/08,77.69,-4.09,,
4/25/08,80.86,4.08,,
4/28/08,81.97,1.37,,
4/29/08,80.74,-1.50,,
4/30/08,78.63,-2.61,,
5/1/08,79.36,0.93,,
5/2/08,77.31,-2.58,,
5/5/08,75.92,-1.80,,
5/6/08,75.71,-0.28,,
5/7/08,73.18,-3.34,,
5/8/08,72.79,-0.53,,
5/9/08,72.41,-0.52,,
5/12/08,74.53,2.93,,
5/13/08,74.56,0.04,,
5/14/08,74.20,-0.48,,
5/15/08,76.12,2.59,,
5/16/08,76.46,0.45,,
5/19/08,82.29,7.62,,
5/20/08,80.72,-1.91,,
5/21/08,78.30,-3.00,,
5/22/08,79.26,1.23,,
5/23/08,78.35,-1.15,,
5/27/08,80.62,2.90,,
5/28/08,80.08,-0.67,,
5/29/08,80.35,0.34,,
5/30/08,81.62,1.58,,
6/2/08,80.23,-1.70,,
6/3/08,80.11,-0.15,,
6/4/08,81.50,1.74,,
6/5/08,84.51,3.69,,
6/6/08,80.63,-4.59,,
6/9/08,79.43,-1.49,,
6/10/08,79.62,0.24,,
6/11/08,77.28,-2.94,,
6/12/08,76.15,-1.46,,
6/13/08,79.17,3.97,,
6/16/08,81.70,3.20,,
6/17/08,82.97,1.55,,
6/18/08,82.52,-0.54,,
6/19/08,84.26,2.11,,
6/20/08,81.10,-3.75,,
6/23/08,80.68,-0.52,,
6/24/08,79.64,-1.29,,
6/25/08,80.51,1.09,,
6/26/08,76.30,-5.23,,
6/27/08,74.66,-2.15,,
6/30/08,73.33,-1.78,,
7/1/08,73.62,0.40,,
7/2/08,71.44,-2.96,,
7/3/08,72.00,0.78,,
7/7/08,72.49,0.68,,
7/8/08,75.04,3.52,,
7/9/08,70.61,-5.90,,
7/10/08,70.63,0.03,,
7/11/08,68.54,-2.96,,
7/14/08,66.28,-3.30,,
7/15/08,67.03,1.13,,
7/16/08,71.84,7.18,,
7/17/08,72.11,0.38,,
7/18/08,69.12,-4.15,,
7/21/08,68.48,-0.93,,
7/22/08,67.97,-0.74,,
7/23/08,70.54,3.78,,
7/24/08,78.72,11.60,,
7/25/08,78.31,-0.52,,
7/28/08,75.98,-2.98,,
7/29/08,78.21,2.93,,
7/30/08,78.21,0.00,,
7/31/08,76.34,-2.39,,
8/1/08,75.75,-0.77,,
8/4/08,75.71,-0.05,,
8/5/08,79.11,4.49,,
8/6/08,78.09,-1.29,,
8/7/08,76.95,-1.46,,
8/8/08,80.51,4.63,,
8/11/08,88.09,9.41,,
8/12/08,87.25,-0.95,,
8/13/08,86.69,-0.64,,
8/14/08,88.03,1.55,,
8/15/08,86.40,-1.85,,
8/18/08,83.11,-3.81,,
8/19/08,81.29,-2.19,,
8/20/08,82.13,1.03,,
8/21/08,83.26,1.38,,
8/22/08,85.26,2.40,,
8/25/08,82.85,-2.83,,
8/26/08,81.76,-1.32,,
8/27/08,81.73,-0.04,,
8/28/08,83.42,2.07,,
8/29/08,80.81,-3.13,,
9/2/08,81.41,0.74,,
9/3/08,80.77,-0.79,,
9/4/08,78.03,-3.39,,
9/5/08,79.19,1.49,,
9/8/08,81.16,2.49,,
9/9/08,79.04,-2.61,,
9/10/08,76.74,-2.91,,
9/11/08,79.51,3.61,,
9/12/08,78.30,-1.52,,
9/15/08,77.34,-1.23,,
9/16/08,78.73,1.80,,
9/17/08,71.54,-9.13,,
9/18/08,76.50,6.93,,
9/19/08,81.00,5.88,,
9/22/08,74.93,-7.49,,
9/23/08,71.76,-4.23,,
9/24/08,69.96,-2.51,,
9/25/08,72.08,3.03,,
9/26/08,70.70,-1.91,,
9/29/08,63.35,-10.40,,
9/30/08,72.76,14.85,,
10/1/08,69.58,-4.37,,
10/2/08,67.36,-3.19,,
10/3/08,67.00,-0.53,,
10/6/08,65.23,-2.64,,
10/7/08,58.52,-10.29,,
10/8/08,61.02,4.27,,
10/9/08,56.00,-8.23,,
10/10/08,56.25,0.45,,
10/13/08,62.02,10.26,,
10/14/08,55.86,-9.93,,
10/15/08,48.72,-12.78,,
10/16/08,50.29,3.22,,
10/17/08,50.65,0.72,,
10/20/08,52.97,4.58,,
10/21/08,50.23,-5.17,,
10/22/08,49.99,-0.48,,
10/23/08,50.32,0.66,,
10/24/08,48.96,-2.70,,
10/27/08,49.58,1.27,,
10/28/08,56.04,13.03,,
10/29/08,56.89,1.52,,
10/30/08,56.71,-0.32,,
10/31/08,57.24,0.93,,
11/3/08,55.77,-2.57,,
11/4/08,58.45,4.81,,
11/5/08,51.98,-11.07,,
11/6/08,47.22,-9.16,,
11/7/08,49.21,4.21,,
11/10/08,48.46,-1.52,,
11/11/08,46.30,-4.46,,
11/12/08,41.56,-10.24,,
11/13/08,44.93,8.11,,
11/14/08,41.75,-7.08,,
11/17/08,39.69,-4.93,,
11/18/08,38.44,-3.15,,
11/19/08,35.84,-6.76,,
11/20/08,35.03,-2.26,,
11/21/08,37.87,8.11,,
11/24/08,42.50,12.23,,
11/25/08,42.19,-0.73,,
11/26/08,43.96,4.20,,
11/28/08,42.70,-2.87,,
12/1/08,40.47,-5.22,,
12/2/08,41.19,1.78,,
12/3/08,45.21,9.76,,
12/4/08,47.32,4.67,,
12/5/08,48.26,1.99,,
12/8/08,51.41,6.53,,
12/9/08,51.25,-0.31,,
12/10/08,49.70,-3.02,,
12/11/08,48.25,-2.92,,
12/12/08,51.25,6.22,,
12/15/08,48.85,-4.68,,
12/16/08,52.63,7.74,,
12/17/08,53.18,1.05,,
12/18/08,52.08,-2.07,,
12/19/08,51.56,-1.00,,
12/22/08,49.84,-3.34,,
12/23/08,51.08,2.49,,
12/24/08,51.44,0.70,,
12/26/08,51.78,0.66,,
12/29/08,49.40,-4.60,,
12/30/08,50.76,2.75,,
12/31/08,51.28,1.02,,
1/2/09,54.36,6.01,,
1/5/09,54.06,-0.55,,
1/6/09,57.36,6.10,,
1/7/09,56.20,-2.02,,
1/8/09,57.16,1.71,,
1/9/09,55.51,-2.89,,
1/12/09,51.92,-6.47,,
1/13/09,51.45,-0.91,,
1/14/09,48.49,-5.75,,
1/15/09,51.44,6.08,,
1/16/09,51.59,0.29,,
1/20/09,48.44,-6.11,,
1/21/09,50.54,4.34,,
1/22/09,49.94,-1.19,,
1/23/09,50.63,1.38,,
1/26/09,49.63,-1.98,,
1/27/09,48.44,-2.40,,
1/28/09,50.36,3.96,,
1/29/09,50.00,-0.71,,
1/30/09,58.82,17.64,,
2/2/09,61.15,3.96,,
2/3/09,63.59,3.99,,
2/4/09,61.06,-3.98,,
2/5/09,63.18,3.47,,
2/6/09,66.55,5.33,,
2/9/09,66.71,0.24,,
2/10/09,63.31,-5.10,,
2/11/09,64.35,1.64,,
2/12/09,63.96,-0.61,,
2/13/09,63.26,-1.09,,
2/17/09,61.67,-2.51,,
2/18/09,62.35,1.10,,
2/19/09,61.95,-0.64,,
2/20/09,63.86,3.08,,
2/23/09,61.71,-3.37,,
2/24/09,65.60,6.30,,
2/25/09,63.71,-2.88,,
2/26/09,62.34,-2.15,,
2/27/09,64.79,3.93,,
3/2/09,61.99,-4.32,,
3/3/09,61.70,-0.47,,
3/4/09,64.81,5.04,,
3/5/09,64.77,-0.06,,
3/6/09,61.69,-4.76,,
3/9/09,60.49,-1.95,,
3/10/09,65.71,8.63,,
3/11/09,68.54,4.31,,
3/12/09,69.58,1.52,,
3/13/09,68.63,-1.37,,
3/16/09,66.98,-2.40,,
3/17/09,71.35,6.52,,
3/18/09,71.25,-0.14,,
3/19/09,70.10,-1.61,,
3/20/09,69.96,-0.20,,
3/23/09,75.58,8.03,,
3/24/09,72.81,-3.66,,
3/25/09,72.40,-0.56,,
3/26/09,73.69,1.78,,
3/27/09,70.52,-4.30,,
3/30/09,71.44,1.30,,
3/31/09,73.44,2.80,,
4/1/09,73.50,0.08,,
4/2/09,76.34,3.86,,
4/3/09,78.17,2.40,,
4/6/09,77.99,-0.23,,
4/7/09,75.51,-3.18,,
4/8/09,76.98,1.95,,
4/9/09,79.77,3.62,,
4/13/09,78.94,-1.04,,
4/14/09,77.22,-2.18,,
4/15/09,74.71,-3.25,,
4/16/09,77.25,3.40,,
4/17/09,78.05,1.04,,
4/20/09,77.57,-0.61,,
4/21/09,78.74,1.51,,
4/22/09,79.20,0.58,,
4/23/09,80.61,1.78,,
4/24/09,84.46,4.78,,
4/27/09,83.12,-1.59,,
4/28/09,82.40,-0.87,,
4/29/09,79.79,-3.17,,
4/30/09,80.52,0.91,,
5/1/09,78.96,-1.94,,
5/4/09,79.77,1.03,,
5/5/09,81.90,2.67,,
5/6/09,81.99,0.11,,
5/7/09,79.28,-3.31,,
5/8/09,77.95,-1.68,,
5/11/09,78.61,0.85,,
5/12/09,77.93,-0.87,,
5/13/09,74.19,-4.80,,
5/14/09,75.11,1.24,,
5/15/09,73.60,-2.01,,
5/18/09,75.95,3.19,,
5/19/09,77.87,2.53,,
5/20/09,77.97,0.13,,
5/21/09,75.96,-2.58,,
5/22/09,75.64,-0.42,,
5/26/09,78.39,3.64,,
5/27/09,77.10,-1.65,,
5/28/09,77.65,0.71,,
5/29/09,77.99,0.44,,
6/1/09,83.05,6.49,,
6/2/09,84.93,2.26,,
6/3/09,85.68,0.88,,
6/4/09,85.52,-0.19,,
6/5/09,87.56,2.39,,
6/8/09,86.36,-1.37,,
6/9/09,87.08,0.83,,
6/10/09,86.59,-0.56,,
6/11/09,85.69,-1.04,,
6/12/09,84.08,-1.88,,
6/15/09,83.18,-1.07,,
6/16/09,82.15,-1.24,,
6/17/09,82.65,0.61,,
6/18/09,81.60,-1.27,,
6/19/09,82.96,1.67,,
6/22/09,79.15,-4.59,,
6/23/09,77.68,-1.86,,
6/24/09,79.27,2.05,,
6/25/09,82.20,3.70,,
6/26/09,83.88,2.04,,
6/29/09,83.03,-1.01,,
6/30/09,83.66,0.76,,
7/1/09,81.60,-2.46,,
7/2/09,79.32,-2.79,,
7/6/09,78.10,-1.54,,
7/7/09,75.63,-3.16,,
7/8/09,77.36,2.29,,
7/9/09,78.10,0.96,,
7/10/09,77.63,-0.60,,
7/13/09,81.47,4.95,,
7/14/09,81.95,0.59,,
7/15/09,84.55,3.17,,
7/16/09,86.11,1.85,,
7/17/09,85.85,-0.30,,
7/20/09,88.23,2.77,,
7/21/09,89.01,0.88,,
7/22/09,88.79,-0.25,,
7/23/09,93.87,5.72,,
7/24/09,86.49,-7.86,,
7/27/09,84.24,-2.60,,
7/28/09,84.98,0.88,,
7/29/09,84.34,-0.75,,
7/30/09,86.09,2.07,,
7/31/09,85.76,-0.38,,
8/3/09,87.44,1.96,,
8/4/09,85.80,-1.88,,
8/5/09,84.29,-1.76,,
8/6/09,84.47,0.21,,
8/7/09,85.32,1.01,,
8/10/09,84.44,-1.03,,
8/11/09,83.56,-1.04,,
8/12/09,85.96,2.87,,
8/13/09,84.60,-1.58,,
8/14/09,83.58,-1.21,,
8/17/09,81.06,-3.02,,
8/18/09,82.12,1.31,,
8/19/09,83.00,1.07,,
8/20/09,84.09,1.31,,
8/21/09,85.00,1.08,,
8/24/09,84.50,-0.59,,
8/25/09,84.19,-0.37,,
8/26/09,84.00,-0.23,,
8/27/09,84.31,0.37,,
8/28/09,82.76,-1.84,,
8/31/09,81.19,-1.90,,
9/1/09,79.16,-2.50,,
9/2/09,78.14,-1.29,,
9/3/09,78.46,0.41,,
9/4/09,78.87,0.52,,
9/8/09,80.90,2.57,,
9/9/09,82.24,1.66,,
9/10/09,83.85,1.96,,
9/11/09,84.54,0.82,,
9/14/09,83.86,-0.80,,
9/15/09,83.55,-0.37,,
9/16/09,90.70,8.56,,
9/17/09,90.44,-0.29,,
9/18/09,90.28,-0.18,,
9/21/09,90.56,0.31,,
9/22/09,93.75,3.52,,
9/23/09,92.38,-1.46,,
9/24/09,92.11,-0.29,,
9/25/09,90.52,-1.73,,
9/28/09,92.21,1.87,,
9/29/09,91.72,-0.53,,
9/30/09,93.36,1.79,,
10/1/09,91.04,-2.49,,
10/2/09,89.85,-1.31,,
10/5/09,88.67,-1.31,,
10/6/09,90.91,2.53,,
10/7/09,93.97,3.37,,
10/8/09,95.22,1.33,,
10/9/09,95.71,0.51,,
10/12/09,93.60,-2.20,,
10/13/09,94.83,1.31,,
10/14/09,97.46,2.77,,
10/15/09,96.01,-1.49,,
10/16/09,95.32,-0.72,,
10/19/09,94.68,-0.67,,
10/20/09,94.98,0.32,,
10/21/09,93.42,-1.64,,
10/22/09,93.45,0.03,,
10/23/09,118.49,26.80,,
10/26/09,124.64,5.19,,
10/27/09,122.07,-2.06,,
10/28/09,121.64,-0.35,,
10/29/09,122.58,0.77,,
10/30/09,118.81,-3.08,,
11/2/09,118.84,0.03,,
11/3/09,118.37,-0.40,,
11/4/09,117.10,-1.07,,
11/5/09,120.61,3.00,,
11/6/09,126.20,4.63,,
11/9/09,126.67,0.37,,
11/10/09,130.15,2.75,,
11/11/09,129.91,-0.18,,
11/12/09,130.53,0.48,,
11/13/09,132.97,1.87,,
11/16/09,131.59,-1.04,,
11/17/09,131.25,-0.26,,
11/18/09,131.29,0.03,,
11/19/09,128.99,-1.75,,
11/20/09,129.66,0.52,,
11/23/09,133.00,2.58,,
11/24/09,132.94,-0.05,,
11/25/09,134.03,0.82,,
11/27/09,131.74,-1.71,,
11/30/09,135.91,3.17,,
12/1/09,138.50,1.91,,
12/2/09,142.25,2.71,,
12/3/09,141.17,-0.76,,
12/4/09,137.58,-2.54,,
12/7/09,134.21,-2.45,,
12/8/09,134.11,-0.07,,
12/9/09,131.31,-2.09,,
12/10/09,135.38,3.10,,
12/11/09,134.15,-0.91,,
12/14/09,131.38,-2.06,,
12/15/09,130.23,-0.88,,
12/16/09,128.36,-1.44,,
12/17/09,126.91,-1.13,,
12/18/09,128.48,1.24,,
12/21/09,132.79,3.35,,
12/22/09,133.75,0.72,,
12/23/09,138.94,3.88,,
12/24/09,138.47,-0.34,,
12/28/09,139.31,0.61,,
12/29/09,139.41,0.07,,
12/30/09,136.49,-2.09,,
12/31/09,134.52,-1.44,,
1/4/10,133.90,-0.46,,
1/5/10,134.69,0.59,,
1/6/10,132.25,-1.81,,
1/7/10,130.00,-1.70,,
1/8/10,133.52,2.71,,
1/11/10,130.31,-2.40,,
1/12/10,127.35,-2.27,,
1/13/10,129.11,1.38,,
1/14/10,127.35,-1.36,,
1/15/10,127.14,-0.16,,
1/19/10,127.61,0.37,,
1/20/10,125.78,-1.43,,
1/21/10,126.62,0.67,,
1/22/10,121.43,-4.10,,
1/25/10,120.31,-0.92,,
1/26/10,119.48,-0.69,,
1/27/10,122.75,2.74,,
1/28/10,126.03,2.67,,
1/29/10,125.41,-0.49,,
2/1/10,118.87,-5.21,,
2/2/10,118.12,-0.63,,
2/3/10,119.10,0.83,,
2/4/10,115.94,-2.65,,
2/5/10,117.39,1.25,,
2/8/10,116.83,-0.48,,
2/9/10,118.03,1.03,,
2/10/10,117.36,-0.57,,
2/11/10,120.09,2.33,,
2/12/10,119.66,-0.36,,
2/16/10,117.53,-1.78,,
2/17/10,116.31,-1.04,,
2/18/10,118.08,1.52,,
2/19/10,117.52,-0.47,,
2/22/10,118.01,0.42,,
2/23/10,117.24,-0.65,,
2/24/10,119.72,2.12,,
2/25/10,118.20,-1.27,,
2/26/10,118.40,0.17,,
3/1/10,124.54,5.19,,
3/2/10,125.53,0.79,,
3/3/10,125.89,0.29,,
3/4/10,128.53,2.10,,
3/5/10,128.91,0.30,,
3/8/10,130.11,0.93,,
3/9/10,128.82,-0.99,,
3/10/10,130.51,1.31,,
3/11/10,133.58,2.35,,
3/12/10,131.82,-1.32,,
3/15/10,131.13,-0.52,,
3/16/10,131.79,0.50,,
3/17/10,131.34,-0.34,,
3/18/10,132.76,1.08,,
3/19/10,130.35,-1.82,,
3/22/10,130.47,0.09,,
3/23/10,129.26,-0.93,,
3/24/10,128.04,-0.94,,
3/25/10,134.73,5.22,,
3/26/10,135.06,0.24,,
3/29/10,135.12,0.04,,
3/30/10,136.58,1.08,,
3/31/10,135.77,-0.59,,
4/1/10,131.81,-2.92,,
4/5/10,131.49,-0.24,,
4/6/10,135.56,3.10,,
4/7/10,134.87,-0.51,,
4/8/10,140.96,4.52,,
4/9/10,140.06,-0.64,,
4/12/10,141.20,0.81,,
4/13/10,140.16,-0.74,,
4/14/10,144.28,2.94,,
4/15/10,145.82,1.07,,
4/16/10,142.17,-2.50,,
4/19/10,142.43,0.18,,
4/20/10,144.20,1.24,,
4/21/10,146.43,1.55,,
4/22/10,150.09,2.50,,
4/23/10,143.63,-4.30,,
4/26/10,147.11,2.42,,
4/27/10,142.02,-3.46,,
4/28/10,139.35,-1.88,,
4/29/10,141.73,1.71,,
4/30/10,137.10,-3.27,,
5/3/10,137.49,0.28,,
5/4/10,129.83,-5.57,,
5/5/10,130.93,0.85,,
5/6/10,128.71,-1.70,,
5/7/10,124.98,-2.90,,
5/10/10,131.29,5.05,,
5/11/10,130.46,-0.63,,
5/12/10,133.87,2.61,,
5/13/10,131.47,-1.79,,
5/14/10,128.53,-2.24,,
5/17/10,128.91,0.30,,
5/18/10,126.28,-2.04,,
5/19/10,124.59,-1.34,,
5/20/10,119.71,-3.92,,
5/21/10,122.72,2.51,,
5/24/10,122.12,-0.49,,
5/25/10,124.86,2.24,,
5/26/10,123.21,-1.32,,
5/27/10,126.70,2.83,,
5/28/10,125.46,-0.98,,
6/1/10,123.24,-1.77,,
6/2/10,126.31,2.49,,
6/3/10,128.76,1.94,,
6/4/10,122.77,-4.65,,
6/7/10,122.01,-0.62,,
6/8/10,118.84,-2.60,,
6/9/10,117.91,-0.78,,
6/10/10,123.21,4.49,,
6/11/10,123.03,-0.15,,
6/14/10,123.83,0.65,,
6/15/10,126.84,2.43,,
6/16/10,126.90,0.05,,
6/17/10,125.89,-0.80,,
6/18/10,125.83,-0.05,,
6/21/10,122.55,-2.61,,
6/22/10,122.31,-0.20,,
6/23/10,121.45,-0.70,,
6/24/10,118.33,-2.57,,
6/25/10,121.00,2.26,,
6/28/10,117.80,-2.64,,
6/29/10,108.61,-7.80,,
6/30/10,109.26,0.60,,
7/1/10,110.96,1.56,,
7/2/10,109.14,-1.64,,
7/6/10,110.06,0.84,,
7/7/10,113.43,3.06,,
7/8/10,116.22,2.46,,
7/9/10,117.26,0.89,,
7/12/10,119.51,1.92,,
7/13/10,123.65,3.46,,
7/14/10,123.30,-0.28,,
7/15/10,122.06,-1.01,,
7/16/10,118.49,-2.92,,
7/19/10,119.94,1.22,,
7/20/10,120.10,0.13,,
7/21/10,117.43,-2.22,,
7/22/10,120.07,2.25,,
7/23/10,118.87,-1.00,,
7/26/10,118.40,-0.40,,
7/27/10,117.13,-1.07,,
7/28/10,117.13,0.00,,
7/29/10,116.86,-0.23,,
7/30/10,117.89,0.88,,
8/2/10,120.07,1.85,,
8/3/10,122.42,1.96,,
8/4/10,127.58,4.21,,
8/5/10,127.83,0.20,,
8/6/10,128.32,0.38,,
8/9/10,128.83,0.40,,
8/10/10,130.00,0.91,,
8/11/10,125.89,-3.16,,
8/12/10,126.56,0.53,,
8/13/10,124.69,-1.48,,
8/16/10,126.07,1.11,,
8/17/10,128.86,2.21,,
8/18/10,129.65,0.61,,
8/19/10,127.57,-1.60,,
8/20/10,127.76,0.15,,
8/23/10,126.60,-0.91,,
8/24/10,124.53,-1.64,,
8/25/10,126.85,1.86,,
8/26/10,124.86,-1.57,,
8/27/10,126.64,1.43,,
8/30/10,123.79,-2.25,,
8/31/10,124.83,0.84,,
9/1/10,132.49,6.14,,
9/2/10,135.21,2.05,,
9/3/10,138.79,2.65,,
9/7/10,137.22,-1.13,,
9/8/10,139.14,1.40,,
9/9/10,140.38,0.89,,
9/10/10,142.44,1.47,,
9/13/10,145.07,1.85,,
9/14/10,145.75,0.47,,
9/15/10,145.45,-0.21,,
9/16/10,148.13,1.84,,
9/17/10,148.32,0.13,,
9/20/10,151.30,2.01,,
9/21/10,150.73,-0.38,,
9/22/10,151.83,0.73,,
9/23/10,152.85,0.67,,
9/24/10,160.73,5.16,,
9/27/10,159.37,-0.85,,
9/28/10,159.70,0.21,,
9/29/10,158.99,-0.44,,
9/30/10,157.06,-1.21,,
10/1/10,153.71,-2.13,,
10/4/10,155.39,1.09,,
10/5/10,160.87,3.53,,
10/6/10,155.40,-3.40,,
10/7/10,156.27,0.56,,
10/8/10,155.55,-0.46,,
10/11/10,153.03,-1.62,,
10/12/10,156.48,2.25,,
10/13/10,155.17,-0.84,,
10/14/10,155.53,0.23,,
10/15/10,164.64,5.86,,
10/18/10,163.56,-0.66,,
10/19/10,158.67,-2.99,,
10/20/10,158.67,0.00,,
10/21/10,164.97,3.97,,
10/22/10,169.13,2.52,,
10/25/10,169.00,-0.08,,
10/26/10,169.95,0.56,,
10/27/10,167.51,-1.44,,
10/28/10,166.84,-0.40,,
10/29/10,165.23,-0.96,,
11/1/10,162.58,-1.60,,
11/2/10,164.61,1.25,,
11/3/10,168.47,2.34,,
11/4/10,168.93,0.27,,
11/5/10,170.77,1.09,,
11/8/10,171.99,0.71,,
11/9/10,170.27,-1.00,,
11/10/10,173.33,1.80,,
11/11/10,170.37,-1.71,,
11/12/10,165.68,-2.75,,
11/15/10,158.90,-4.09,,
11/16/10,157.78,-0.70,,
11/17/10,158.35,0.36,,
11/18/10,164.17,3.68,,
11/19/10,164.82,0.40,,
11/22/10,170.39,3.38,,
11/23/10,168.20,-1.29,,
11/24/10,177.25,5.38,,
11/26/10,177.20,-0.03,,
11/29/10,179.49,1.29,,
11/30/10,175.40,-2.28,,
12/1/10,176.55,0.66,,
12/2/10,176.53,-0.01,,
12/3/10,175.68,-0.48,,
12/6/10,178.05,1.35,,
12/7/10,176.77,-0.72,,
12/8/10,176.29,-0.27,,
12/9/10,174.85,-0.82,,
12/10/10,175.62,0.44,,
12/13/10,174.25,-0.78,,
12/14/10,173.94,-0.18,,
12/15/10,175.57,0.94,,
12/16/10,178.04,1.41,,
12/17/10,177.58,-0.26,,
12/20/10,183.29,3.22,,
12/21/10,184.75,0.80,,
12/22/10,184.76,0.01,,
12/23/10,182.59,-1.17,,
12/27/10,182.14,-0.25,,
12/28/10,181.09,-0.58,,
12/29/10,183.37,1.26,,
12/30/10,182.75,-0.34,,
12/31/10,180.00,-1.50,,
1/3/11,184.22,2.34,,
1/4/11,185.01,0.43,,
1/5/11,187.42,1.30,,
1/6/11,185.86,-0.83,,
1/7/11,185.49,-0.20,,
1/10/11,184.68,-0.44,,
1/11/11,184.34,-0.18,,
1/12/11,184.08,-0.14,,
1/13/11,185.53,0.79,,
1/14/11,188.75,1.74,,
1/18/11,191.25,1.32,,
1/19/11,186.87,-2.29,,
1/20/11,181.96,-2.63,,
1/21/11,177.42,-2.50,,
1/24/11,176.85,-0.32,,
1/25/11,176.70,-0.08,,
1/26/11,175.39,-0.74,,
1/27/11,184.45,5.17,,
1/28/11,171.14,-7.22,,
1/31/11,169.64,-0.88,,
2/1/11,172.11,1.46,,
2/2/11,173.53,0.83,,
2/3/11,173.71,0.10,,
2/4/11,175.93,1.28,,
2/7/11,176.43,0.28,,
2/8/11,183.06,3.76,,
2/9/11,185.30,1.22,,
2/10/11,186.21,0.49,,
2/11/11,189.25,1.63,,
2/14/11,190.42,0.62,,
2/15/11,189.03,-0.73,,
2/16/11,186.62,-1.27,,
2/17/11,187.76,0.61,,
2/18/11,186.50,-0.67,,
2/22/11,180.42,-3.26,,
2/23/11,176.68,-2.07,,
2/24/11,177.75,0.61,,
2/25/11,177.24,-0.29,,
2/28/11,173.29,-2.23,,
3/1/11,169.44,-2.22,,
3/2/11,172.02,1.52,,
3/3/11,172.79,0.45,,
3/4/11,171.67,-0.65,,
3/7/11,169.08,-1.51,,
3/8/11,166.89,-1.30,,
3/9/11,169.05,1.29,,
3/10/11,166.14,-1.72,,
3/11/11,168.07,1.16,,
3/14/11,166.73,-0.80,,
3/15/11,165.08,-0.99,,
3/16/11,164.70,-0.23,,
3/17/11,160.97,-2.26,,
3/18/11,161.82,0.53,,
3/21/11,164.52,1.67,,
3/22/11,162.60,-1.17,,
3/23/11,165.32,1.67,,
3/24/11,171.10,3.50,,
3/25/11,170.98,-0.07,,
3/28/11,169.35,-0.95,,
3/29/11,174.62,3.11,,
3/30/11,179.42,2.75,,
3/31/11,180.13,0.40,,
4/1/11,180.13,0.00,,
4/4/11,182.94,1.56,,
4/5/11,185.29,1.28,,
4/6/11,182.76,-1.37,,
4/7/11,184.91,1.18,,
4/8/11,184.71,-0.11,,
4/11/11,184.04,-0.36,,
4/12/11,180.48,-1.93,,
4/13/11,182.29,1.00,,
4/14/11,181.82,-0.26,,
4/15/11,180.01,-1.00,,
4/18/11,178.34,-0.93,,
4/19/11,178.82,0.27,,
4/20/11,183.87,2.82,,
4/21/11,185.89,1.10,,
4/25/11,185.42,-0.25,,
4/26/11,182.30,-1.68,,
4/27/11,196.63,7.86,,
4/28/11,195.07,-0.79,,
4/29/11,195.81,0.38,,
5/2/11,201.19,2.75,,
5/3/11,198.45,-1.36,,
5/4/11,199.97,0.77,,
5/5/11,197.11,-1.43,,
5/6/11,197.60,0.25,,
5/9/11,200.80,1.62,,
5/10/11,203.94,1.56,,
5/11/11,204.38,0.22,,
5/12/11,206.07,0.83,,
5/13/11,202.56,-1.70,,
5/16/11,192.51,-4.96,,
5/17/11,194.81,1.19,,
5/18/11,197.09,1.17,,
5/19/11,198.80,0.87,,
5/20/11,198.65,-0.08,,
5/23/11,196.22,-1.22,,
5/24/11,193.27,-1.50,,
5/25/11,192.26,-0.52,,
5/26/11,195.00,1.43,,
5/27/11,194.13,-0.45,,
5/31/11,196.69,1.32,,
6/1/11,192.40,-2.18,,
6/2/11,193.65,0.65,,
6/3/11,188.32,-2.75,,
6/6/11,185.69,-1.40,,
6/7/11,187.55,1.00,,
6/8/11,188.05,0.27,,
6/9/11,189.68,0.87,,
6/10/11,186.53,-1.66,,
6/13/11,186.29,-0.13,,
6/14/11,189.96,1.97,,
6/15/11,185.98,-2.10,,
6/16/11,183.65,-1.25,,
6/17/11,186.37,1.48,,
6/20/11,187.72,0.72,,
6/21/11,194.23,3.47,,
6/22/11,191.63,-1.34,,
6/23/11,194.16,1.32,,
6/24/11,192.55,-0.83,,
6/27/11,201.25,4.52,,
6/28/11,202.35,0.55,,
6/29/11,204.18,0.90,,
6/30/11,204.49,0.15,,
7/1/11,209.49,2.45,,
7/5/11,213.19,1.77,,
7/6/11,214.19,0.47,,
7/7/11,216.74,1.19,,
7/8/11,218.28,0.71,,
7/11/11,212.55,-2.63,,
7/12/11,211.23,-0.62,,
7/13/11,213.50,1.07,,
7/14/11,210.38,-1.46,,
7/15/11,212.87,1.18,,
7/18/11,211.53,-0.63,,
7/19/11,218.06,3.09,,
7/20/11,215.55,-1.15,,
7/21/11,213.21,-1.09,,
7/22/11,216.52,1.55,,
7/25/11,213.49,-1.40,,
7/26/11,214.18,0.32,,
7/27/11,222.52,3.89,,
7/28/11,223.90,0.62,,
7/29/11,222.52,-0.62,,
8/1/11,221.32,-0.54,,
8/2/11,211.70,-4.35,,
8/3/11,209.96,-0.82,,
8/4/11,201.48,-4.04,,
8/5/11,202.70,0.61,,
8/8/11,193.70,-4.44,,
8/9/11,205.09,5.88,,
8/10/11,194.13,-5.34,,
8/11/11,198.36,2.18,,
8/12/11,202.30,1.99,,
8/15/11,202.95,0.32,,
8/16/11,197.68,-2.60,,
8/17/11,195.93,-0.89,,
8/18/11,182.52,-6.84,,
8/19/11,178.93,-1.97,,
8/22/11,177.54,-0.78,,
8/23/11,193.55,9.02,,
8/24/11,193.73,0.09,,
8/25/11,192.03,-0.88,,
8/26/11,199.27,3.77,,
8/29/11,206.53,3.64,,
8/30/11,210.92,2.13,,
8/31/11,215.23,2.04,,
9/1/11,212.54,-1.25,,
9/2/11,210.00,-1.20,,
9/6/11,216.18,2.94,,
9/7/11,219.90,1.72,,
9/8/11,217.26,-1.20,,
9/9/11,211.39,-2.70,,
9/12/11,216.56,2.45,,
9/13/11,219.53,1.37,,
9/14/11,222.57,1.38,,
9/15/11,226.78,1.89,,
9/16/11,239.30,5.52,,
9/19/11,241.69,1.00,,
9/20/11,233.25,-3.49,,
9/21/11,231.87,-0.59,,
9/22/11,223.23,-3.73,,
9/23/11,223.61,0.17,,
9/26/11,229.85,2.79,,
9/27/11,224.21,-2.45,,
9/28/11,229.71,2.45,,
9/29/11,222.44,-3.16,,
9/30/11,216.23,-2.79,,
10/3/11,211.98,-1.97,,
10/4/11,212.50,0.25,,
10/5/11,219.50,3.29,,
10/6/11,221.51,0.92,,
10/7/11,224.74,1.46,,
10/10/11,231.32,2.93,,
10/11/11,235.48,1.80,,
10/12/11,236.81,0.56,,
10/13/11,236.15,-0.28,,
10/14/11,246.71,4.47,,
10/17/11,242.33,-1.78,,
10/18/11,243.88,0.64,,
10/19/11,231.53,-5.06,,
10/20/11,233.61,0.90,,
10/21/11,234.78,0.50,,
10/24/11,237.61,1.21,,
10/25/11,227.15,-4.40,,
10/26/11,198.40,-12.66,,
10/27/11,206.78,4.22,,
10/28/11,217.32,5.10,,
10/31/11,213.51,-1.75,,
11/1/11,212.10,-0.66,,
11/2/11,215.62,1.66,,
11/3/11,218.29,1.24,,
11/4/11,216.48,-0.83,,
11/7/11,217.00,0.24,,
11/8/11,217.99,0.46,,
11/9/11,211.22,-3.11,,
11/10/11,210.79,-0.20,,
11/11/11,217.39,3.13,,
11/14/11,218.93,0.71,,
11/15/11,217.83,-0.50,,
11/16/11,211.99,-2.68,,
11/17/11,204.52,-3.52,,
11/18/11,197.14,-3.61,,
11/21/11,189.25,-4.00,,
11/22/11,192.34,1.63,,
11/23/11,188.99,-1.74,,
11/25/11,182.40,-3.49,,
11/28/11,194.15,6.44,,
11/29/11,188.39,-2.97,,
11/30/11,192.29,2.07,,
12/1/11,197.13,2.52,,
12/2/11,196.03,-0.56,,
12/5/11,196.24,0.11,,
12/6/11,191.99,-2.17,,
12/7/11,195.32,1.73,,
12/8/11,190.48,-2.48,,
12/9/11,193.03,1.34,,
12/12/11,189.52,-1.82,,
12/13/11,180.51,-4.75,,
12/14/11,180.21,-0.17,,
12/15/11,181.26,0.58,,
12/16/11,181.26,0.00,,
12/19/11,179.33,-1.06,,
12/20/11,182.52,1.78,,
12/21/11,174.35,-4.48,,
12/22/11,179.03,2.68,,
12/23/11,177.28,-0.98,,
12/27/11,176.27,-0.57,,
12/28/11,173.89,-1.35,,
12/29/11,173.86,-0.02,,
12/30/11,173.10,-0.44,,
1/3/12,179.03,3.43,,
1/4/12,177.51,-0.85,,
1/5/12,177.61,0.06,,
1/6/12,182.61,2.82,,
1/9/12,178.56,-2.22,,
1/10/12,179.34,0.44,,
1/11/12,178.90,-0.25,,
1/12/12,175.93,-1.66,,
1/13/12,178.42,1.42,,
1/17/12,181.66,1.82,,
1/18/12,189.44,4.28,,
1/19/12,194.45,2.64,,
1/20/12,190.93,-1.81,,
1/23/12,186.09,-2.53,,
1/24/12,187.00,0.49,,
1/25/12,187.80,0.43,,
1/26/12,193.32,2.94,,
1/27/12,195.37,1.06,,
1/30/12,192.15,-1.65,,
1/31/12,194.44,1.19,,
2/1/12,179.46,-7.70,,
2/2/12,181.72,1.26,,
2/3/12,187.68,3.28,,
2/6/12,183.14,-2.42,,
2/7/12,184.19,0.57,,
2/8/12,185.48,0.70,,
2/9/12,184.98,-0.27,,
2/10/12,185.54,0.30,,
2/13/12,191.59,3.26,,
2/14/12,191.30,-0.15,,
2/15/12,184.47,-3.57,,
2/16/12,179.93,-2.46,,
2/17/12,182.50,1.43,,
2/21/12,182.26,-0.13,,
2/22/12,180.58,-0.92,,
2/23/12,178.89,-0.94,,
2/24/12,179.13,0.13,,
2/27/12,178.53,-0.33,,
2/28/12,183.80,2.95,,
2/29/12,179.69,-2.24,,
3/1/12,180.04,0.19,,
3/2/12,179.30,-0.41,,
3/5/12,180.26,0.54,,
3/6/12,181.09,0.46,,
3/7/12,183.77,1.48,,
3/8/12,187.64,2.11,,
3/9/12,184.32,-1.77,,
3/12/12,183.39,-0.50,,
3/13/12,184.59,0.65,,
3/14/12,182.26,-1.26,,
3/15/12,184.43,1.19,,
3/16/12,185.05,0.34,,
3/19/12,185.52,0.25,,
3/20/12,192.33,3.67,,
3/21/12,191.73,-0.31,,
3/22/12,192.40,0.35,,
3/23/12,195.04,1.37,,
3/26/12,202.87,4.01,,
3/27/12,205.44,1.27,,
3/28/12,201.16,-2.08,,
3/29/12,204.61,1.72,,
3/30/12,202.51,-1.03,,
4/2/12,198.05,-2.20,,
4/3/12,199.66,0.81,,
4/4/12,193.99,-2.84,,
4/5/12,194.39,0.21,,
4/9/12,191.87,-1.30,,
4/10/12,186.98,-2.55,,
4/11/12,187.97,0.53,,
4/12/12,190.69,1.45,,
4/13/12,188.46,-1.17,,
4/16/12,185.50,-1.57,,
4/17/12,188.39,1.56,,
4/18/12,191.07,1.42,,
4/19/12,191.10,0.02,,
4/20/12,189.98,-0.59,,
4/23/12,188.24,-0.92,,
4/24/12,190.33,1.11,,
4/25/12,194.42,2.15,,
4/26/12,195.99,0.81,,
4/27/12,226.85,15.75,,
4/30/12,231.90,2.23,,
5/1/12,230.04,-0.80,,
5/2/12,230.25,0.09,,
5/3/12,229.45,-0.35,,
5/4/12,223.99,-2.38,,
5/7/12,225.16,0.52,,
5/8/12,223.90,-0.56,,
5/9/12,222.98,-0.41,,
5/10/12,226.69,1.66,,
5/11/12,227.68,0.44,,
5/14/12,222.93,-2.09,,
5/15/12,224.39,0.65,,
5/16/12,224.06,-0.15,,
5/17/12,218.36,-2.54,,
5/18/12,213.85,-2.07,,
5/21/12,218.11,1.99,,
5/22/12,215.33,-1.27,,
5/23/12,217.28,0.91,,
5/24/12,215.24,-0.94,,
5/25/12,212.89,-1.09,,
5/29/12,214.75,0.87,,
5/30/12,209.23,-2.57,,
5/31/12,212.91,1.76,,
6/1/12,208.22,-2.20,,
6/4/12,214.57,3.05,,
6/5/12,213.21,-0.63,,
6/6/12,217.64,2.08,,
6/7/12,218.80,0.53,,
6/8/12,218.48,-0.15,,
6/11/12,216.50,-0.91,,
6/12/12,216.42,-0.04,,
6/13/12,214.73,-0.78,,
6/14/12,214.45,-0.13,,
6/15/12,218.35,1.82,,
6/18/12,222.66,1.97,,
6/19/12,224.03,0.62,,
6/20/12,223.02,-0.45,,
6/21/12,220.57,-1.10,,
6/22/12,222.16,0.72,,
6/25/12,220.07,-0.94,,
6/26/12,225.61,2.52,,
6/27/12,225.62,0.00,,
6/28/12,221.31,-1.91,,
6/29/12,228.35,3.18,,
7/2/12,229.32,0.42,,
7/3/12,229.53,0.09,,
7/5/12,227.06,-1.08,,
7/6/12,225.05,-0.89,,
7/9/12,225.05,0.00,,
7/10/12,219.50,-2.47,,
7/11/12,218.37,-0.51,,
7/12/12,215.36,-1.38,,
7/13/12,218.39,1.41,,
7/16/12,216.01,-1.09,,
7/17/12,216.93,0.43,,
7/18/12,217.47,0.25,,
7/19/12,226.17,4.00,,
7/20/12,228.29,0.94,,
7/23/12,226.01,-1.00,,
7/24/12,223.04,-1.31,,
7/25/12,217.05,-2.69,,
7/26/12,220.01,1.36,,
7/27/12,237.32,7.87,,
7/30/12,236.09,-0.52,,
7/31/12,233.30,-1.18,,
8/1/12,232.09,-0.52,,
8/2/12,230.81,-0.55,,
8/3/12,234.97,1.80,,
8/6/12,233.99,-0.42,,
8/7/12,236.56,1.10,,
8/8/12,234.38,-0.92,,
8/9/12,234.06,-0.14,,
8/10/12,232.75,-0.56,,
8/13/12,232.44,-0.13,,
8/14/12,233.19,0.32,,
8/15/12,237.42,1.81,,
8/16/12,241.55,1.74,,
8/17/12,241.17,-0.16,,
8/20/12,240.35,-0.34,,
8/21/12,239.45,-0.37,,
8/22/12,243.10,1.52,,
8/23/12,241.20,-0.78,,
8/24/12,245.74,1.88,,
8/27/12,243.92,-0.74,,
8/28/12,246.11,0.90,,
8/29/12,247.12,0.41,,
8/30/12,246.22,-0.36,,
8/31/12,248.27,0.83,,
9/4/12,247.88,-0.16,,
9/5/12,246.22,-0.67,,
9/6/12,251.38,2.10,,
9/7/12,259.14,3.09,,
9/10/12,257.09,-0.79,,
9/11/12,255.67,-0.55,,
9/12/12,255.63,-0.02,,
9/13/12,260.24,1.80,,
9/14/12,261.27,0.40,,
9/17/12,258.00,-1.25,,
9/18/12,258.75,0.29,,
9/19/12,261.68,1.13,,
9/20/12,260.81,-0.33,,
9/21/12,257.47,-1.28,,
9/24/12,254.80,-1.04,,
9/25/12,252.46,-0.92,,
9/26/12,249.67,-1.11,,
9/27/12,256.59,2.77,,
9/28/12,254.32,-0.88,,
10/1/12,252.01,-0.91,,
10/2/12,250.60,-0.56,,
10/3/12,255.92,2.12,,
10/4/12,260.47,1.78,,
10/5/12,258.51,-0.75,,
10/8/12,259.06,0.21,,
10/9/12,250.96,-3.13,,
10/10/12,244.99,-2.38,,
10/11/12,244.22,-0.31,,
10/12/12,242.36,-0.76,,
10/15/12,244.18,0.75,,
10/16/12,243.94,-0.10,,
10/17/12,247.49,1.46,,
10/18/12,244.85,-1.07,,
10/19/12,240.00,-1.98,,
10/22/12,233.78,-2.59,,
10/23/12,234.31,0.23,,
10/24/12,228.49,-2.48,,
10/25/12,222.92,-2.44,,
10/26/12,238.24,6.87,,
10/31/12,232.89,-2.25,,
11/1/12,232.14,-0.32,,
11/2/12,232.42,0.12,,
11/5/12,234.33,0.82,,
11/6/12,237.56,1.38,,
11/7/12,232.06,-2.32,,
11/8/12,227.35,-2.03,,
11/9/12,226.31,-0.46,,
11/12/12,226.47,0.07,,
11/13/12,226.60,0.06,,
11/14/12,222.95,-1.61,,
11/15/12,220.60,-1.05,,
11/16/12,225.23,2.10,,
11/19/12,229.71,1.99,,
11/20/12,233.78,1.77,,
11/21/12,238.03,1.82,,
11/23/12,239.88,0.78,,
11/26/12,243.62,1.56,,
11/27/12,243.40,-0.09,,
11/28/12,247.11,1.52,,
11/29/12,251.27,1.68,,
11/30/12,252.05,0.31,,
12/3/12,250.33,-0.68,,
12/4/12,252.49,0.86,,
12/5/12,253.96,0.58,,
12/6/12,253.37,-0.23,,
12/7/12,253.27,-0.04,,
12/10/12,247.77,-2.17,,
12/11/12,250.69,1.18,,
12/12/12,251.76,0.43,,
12/13/12,251.25,-0.20,,
12/14/12,249.19,-0.82,,
12/17/12,253.86,1.87,,
12/18/12,260.40,2.58,,
12/19/12,257.99,-0.93,,
12/20/12,261.50,1.36,,
12/21/12,256.92,-1.75,,
12/24/12,258.62,0.66,,
12/26/12,248.63,-3.86,,
12/27/12,248.31,-0.13,,
12/28/12,245.18,-1.26,,
12/31/12,250.87,2.32,,
1/2/13,257.31,2.57,,
1/3/13,258.48,0.45,,
1/4/13,259.15,0.26,,
1/7/13,268.46,3.59,,
1/8/13,266.38,-0.77,,
1/9/13,266.35,-0.01,,
1/10/13,265.34,-0.38,,
1/11/13,267.94,0.98,,
1/14/13,272.73,1.79,,
1/15/13,271.90,-0.30,,
1/16/13,268.93,-1.09,,
1/17/13,270.48,0.58,,
1/18/13,272.12,0.61,,
1/22/13,270.19,-0.71,,
1/23/13,268.11,-0.77,,
1/24/13,273.46,2.00,,
1/25/13,283.99,3.85,,
1/28/13,276.04,-2.80,,
1/29/13,260.35,-5.68,,
1/30/13,272.76,4.77,,
1/31/13,265.50,-2.66,,
2/1/13,265.00,-0.19,,
2/4/13,259.98,-1.89,,
2/5/13,266.89,2.66,,
2/6/13,262.22,-1.75,,
2/7/13,260.23,-0.76,,
2/8/13,261.95,0.66,,
2/11/13,257.21,-1.81,,
2/12/13,258.70,0.58,,
2/13/13,269.47,4.16,,
2/14/13,269.24,-0.09,,
2/15/13,265.09,-1.54,,
2/19/13,269.75,1.76,,
2/20/13,266.41,-1.24,,
2/21/13,265.94,-0.18,,
2/22/13,265.42,-0.20,,
2/25/13,259.87,-2.09,,
2/26/13,259.36,-0.20,,
2/27/13,263.25,1.50,,
2/28/13,264.27,0.39,,
3/1/13,265.74,0.56,,
3/4/13,273.11,2.77,,
3/5/13,275.59,0.91,,
3/6/13,273.79,-0.65,,
3/7/13,273.88,0.03,,
3/8/13,274.19,0.11,,
3/11/13,271.24,-1.08,,
3/12/13,274.13,1.07,,
3/13/13,275.10,0.35,,
3/14/13,265.74,-3.40,,
3/15/13,261.82,-1.48,,
3/18/13,257.89,-1.50,,
3/19/13,256.41,-0.57,,
3/20/13,257.28,0.34,,
3/21/13,253.39,-1.51,,
3/22/13,257.75,1.72,,
3/25/13,256.02,-0.67,,
3/26/13,260.31,1.68,,
3/27/13,265.30,1.92,,
3/28/13,266.49,0.45,,
4/1/13,261.61,-1.83,,
4/2/13,263.32,0.65,,
4/3/13,259.03,-1.63,,
4/4/13,259.08,0.02,,
4/5/13,255.48,-1.39,,
4/8/13,258.95,1.36,,
4/9/13,261.14,0.85,,
4/10/13,264.77,1.39,,
4/11/13,269.85,1.92,,
4/12/13,272.87,1.12,,
4/15/13,267.72,-1.89,,
4/16/13,272.34,1.73,,
4/17/13,267.40,-1.81,,
4/18/13,259.42,-2.98,,
4/19/13,260.32,0.35,,
4/22/13,263.55,1.24,,
4/23/13,268.90,2.03,,
4/24/13,268.78,-0.04,,
4/25/13,274.70,2.20,,
4/26/13,254.81,-7.24,,
4/29/13,249.74,-1.99,,
4/30/13,253.81,1.63,,
5/1/13,248.23,-2.20,,
5/2/13,252.55,1.74,,
5/3/13,258.05,2.18,,
5/6/13,255.72,-0.90,,
5/7/13,257.73,0.79,,
5/8/13,258.68,0.37,,
5/9/13,260.16,0.57,,
5/10/13,263.63,1.33,,
5/13/13,264.51,0.33,,
5/14/13,268.33,1.44,,
5/15/13,266.56,-0.66,,
5/16/13,264.12,-0.92,,
5/17/13,269.90,2.19,,
5/20/13,267.63,-0.84,,
5/21/13,268.86,0.46,,
5/22/13,262.96,-2.19,,
5/23/13,261.80,-0.44,,
5/24/13,261.74,-0.02,,
5/28/13,267.29,2.12,,
5/29/13,265.53,-0.66,,
5/30/13,266.83,0.49,,
5/31/13,269.20,0.89,,
6/3/13,266.88,-0.86,,
6/4/13,265.70,-0.44,,
6/5/13,267.17,0.55,,
6/6/13,267.83,0.25,,
6/7/13,276.87,3.38,,
6/10/13,281.07,1.52,,
6/11/13,274.78,-2.24,,
6/12/13,271.67,-1.13,,
6/13/13,275.79,1.52,,
6/14/13,273.99,-0.65,,
6/17/13,278.06,1.49,,
6/18/13,281.76,1.33,,
6/19/13,278.16,-1.28,,
6/20/13,273.44,-1.70,,
6/21/13,273.36,-0.03,,
6/24/13,270.61,-1.01,,
6/25/13,272.09,0.55,,
6/26/13,277.57,2.01,,
6/27/13,277.55,-0.01,,
6/28/13,277.69,0.05,,
7/1/13,282.10,1.59,,
7/2/13,283.73,0.58,,
7/3/13,284.03,0.11,,
7/5/13,285.88,0.65,,
7/8/13,290.59,1.65,,
7/9/13,291.53,0.32,,
7/10/13,292.33,0.27,,
7/11/13,299.66,2.51,,
7/12/13,307.55,2.63,,
7/15/13,306.57,-0.32,,
7/16/13,306.87,0.10,,
7/17/13,308.69,0.59,,
7/18/13,304.11,-1.48,,
7/19/13,305.23,0.37,,
7/22/13,303.48,-0.57,,
7/23/13,301.06,-0.80,,
7/24/13,298.94,-0.70,,
7/25/13,303.40,1.49,,
7/26/13,312.01,2.84,,
7/29/13,306.10,-1.89,,
7/30/13,302.41,-1.21,,
7/31/13,301.22,-0.39,,
8/1/13,305.57,1.44,,
8/2/13,304.21,-0.45,,
8/5/13,300.99,-1.06,,
8/6/13,300.75,-0.08,,
8/7/13,296.91,-1.28,,
8/8/13,295.74,-0.39,,
8/9/13,297.26,0.51,,
8/12/13,296.69,-0.19,,
8/13/13,293.97,-0.92,,
8/14/13,291.34,-0.89,,
8/15/13,286.47,-1.67,,
8/16/13,284.82,-0.58,,
8/19/13,285.57,0.26,,
8/20/13,287.09,0.53,,
8/21/13,284.57,-0.88,,
8/22/13,289.73,1.81,,
8/23/13,290.01,0.10,,
8/26/13,286.21,-1.31,,
8/27/13,280.93,-1.84,,
8/28/13,281.58,0.23,,
8/29/13,283.98,0.85,,
8/30/13,280.98,-1.06,,
9/3/13,288.80,2.78,,
9/4/13,293.64,1.68,,
9/5/13,294.10,0.16,,
9/6/13,295.86,0.60,,
9/9/13,299.71,1.30,,
9/10/13,300.36,0.22,,
9/11/13,299.64,-0.24,,
9/12/13,298.86,-0.26,,
9/13/13,297.92,-0.31,,
9/16/13,296.06,-0.62,,
9/17/13,304.17,2.74,,
9/18/13,312.03,2.58,,
9/19/13,312.06,0.01,,
9/20/13,316.34,1.37,,
9/23/13,311.49,-1.53,,
9/24/13,314.13,0.85,,
9/25/13,312.65,-0.47,,
9/26/13,318.12,1.75,,
9/27/13,316.01,-0.66,,
9/30/13,312.64,-1.07,,
10/1/13,320.95,2.66,,
10/2/13,320.51,-0.14,,
10/3/13,314.76,-1.79,,
10/4/13,319.04,1.36,,
10/7/13,310.03,-2.82,,
10/8/13,303.23,-2.19,,
10/9/13,298.23,-1.65,,
10/10/13,305.17,2.33,,
10/11/13,310.89,1.87,,
10/14/13,310.70,-0.06,,
10/15/13,306.40,-1.38,,
10/16/13,310.49,1.33,,
10/17/13,310.77,0.09,,
10/18/13,328.93,5.84,,
10/21/13,326.44,-0.76,,
10/22/13,332.54,1.87,,
10/23/13,326.76,-1.74,,
10/24/13,332.21,1.67,,
10/25/13,363.39,9.39,,
10/28/13,358.16,-1.44,,
10/29/13,362.70,1.27,,
10/30/13,361.08,-0.45,,
10/31/13,364.03,0.82,,
11/1/13,359.00,-1.38,,
11/4/13,358.74,-0.07,,
11/5/13,358.89,0.04,,
11/6/13,356.18,-0.76,,
11/7/13,343.56,-3.54,,
11/8/13,350.31,1.96,,
11/11/13,354.38,1.16,,
11/12/13,349.53,-1.37,,
11/13/13,356.22,1.91,,
11/14/13,367.40,3.14,,
11/15/13,369.17,0.48,,
11/18/13,366.18,-0.81,,
11/19/13,364.94,-0.34,,
11/20/13,362.57,-0.65,,
11/21/13,368.92,1.75,,
11/22/13,372.31,0.92,,
11/25/13,376.64,1.16,,
11/26/13,381.37,1.26,,
11/27/13,386.71,1.40,,
11/29/13,393.62,1.79,,
12/2/13,392.30,-0.34,,
12/3/13,384.66,-1.95,,
12/4/13,385.96,0.34,,
12/5/13,384.49,-0.38,,
12/6/13,386.95,0.64,,
12/9/13,384.89,-0.53,,
12/10/13,387.78,0.75,,
12/11/13,382.19,-1.44,,
12/12/13,381.25,-0.25,,
12/13/13,384.24,0.78,,
12/16/13,388.97,1.23,,
12/17/13,387.65,-0.34,,
12/18/13,395.96,2.14,,
12/19/13,395.19,-0.19,,
12/20/13,402.20,1.77,,
12/23/13,402.92,0.18,,
12/24/13,399.20,-0.92,,
12/26/13,404.39,1.30,,
12/27/13,398.08,-1.56,,
12/30/13,393.37,-1.18,,
12/31/13,398.79,1.38,,
1/2/14,397.97,-0.21,,
1/3/14,396.44,-0.38,,
1/6/14,393.63,-0.71,,
1/7/14,398.03,1.12,,
1/8/14,401.92,0.98,,
1/9/14,401.01,-0.23,,
1/10/14,397.66,-0.84,,
1/13/14,390.98,-1.68,,
1/14/14,397.54,1.68,,
1/15/14,395.87,-0.42,,
1/16/14,395.80,-0.02,,
1/17/14,399.61,0.96,,
1/21/14,407.05,1.86,,
1/22/14,404.54,-0.62,,
1/23/14,399.87,-1.15,,
1/24/14,387.60,-3.07,,
1/27/14,386.28,-0.34,,
1/28/14,394.43,2.11,,
1/29/14,384.20,-2.59,,
1/30/14,403.01,4.90,,
1/31/14,358.69,-11.00,,
2/3/14,346.15,-3.50,,
2/4/14,347.95,0.52,,
2/5/14,346.45,-0.43,,
2/6/14,354.59,2.35,,
2/7/14,361.08,1.83,,
2/10/14,360.87,-0.06,,
2/11/14,361.79,0.25,,
2/12/14,349.25,-3.47,,
2/13/14,357.20,2.28,,
2/14/14,357.35,0.04,,
2/18/14,353.65,-1.04,,
2/19/14,347.38,-1.77,,
2/20/14,349.80,0.70,,
2/21/14,346.76,-0.87,,
2/24/14,351.78,1.45,,
2/25/14,358.32,1.86,,
2/26/14,359.80,0.41,,
2/27/14,360.13,0.09,,
2/28/14,362.10,0.55,,
3/3/14,359.78,-0.64,,
3/4/14,363.90,1.15,,
3/5/14,372.37,2.33,,
3/6/14,372.16,-0.06,,
3/7/14,372.06,-0.03,,
3/10/14,370.53,-0.41,,
3/11/14,368.82,-0.46,,
3/12/14,370.64,0.49,,
3/13/14,371.51,0.23,,
3/14/14,373.74,0.60,,
3/17/14,375.04,0.35,,
3/18/14,378.77,0.99,,
3/19/14,373.23,-1.46,,
3/20/14,368.97,-1.14,,
3/21/14,360.62,-2.26,,
3/24/14,351.85,-2.43,,
3/25/14,354.71,0.81,,
3/26/14,343.41,-3.19,,
3/27/14,338.47,-1.44,,
3/28/14,338.29,-0.05,,
3/31/14,336.37,-0.57,,
4/1/14,342.99,1.97,,
4/2/14,341.96,-0.30,,
4/3/14,333.62,-2.44,,
4/4/14,323.00,-3.18,,
4/7/14,317.76,-1.62,,
4/8/14,327.07,2.93,,
4/9/14,331.81,1.45,,
4/10/14,317.11,-4.43,,
4/11/14,311.73,-1.70,,
4/14/14,315.91,1.34,,
4/15/14,316.08,0.05,,
4/16/14,323.68,2.40,,
4/17/14,324.91,0.38,,
4/21/14,330.87,1.83,,
4/22/14,329.32,-0.47,,
4/23/14,324.58,-1.44,,
4/24/14,337.15,3.87,,
4/25/14,303.83,-9.88,,
4/28/14,296.58,-2.39,,
4/29/14,300.38,1.28,,
4/30/14,304.13,1.25,,
5/1/14,307.89,1.24,,
5/2/14,308.01,0.04,,
5/5/14,310.05,0.66,,
5/6/14,297.38,-4.09,,
5/7/14,292.71,-1.57,,
5/8/14,288.32,-1.50,,
5/9/14,292.24,1.36,,
5/12/14,302.86,3.63,,
5/13/14,304.64,0.59,,
5/14/14,297.62,-2.30,,
5/15/14,295.19,-0.82,,
5/16/14,297.70,0.85,,
5/19/14,296.76,-0.32,,
5/20/14,301.19,1.49,,
5/21/14,305.01,1.27,,
5/22/14,304.91,-0.03,,
5/23/14,312.24,2.40,,
5/27/14,310.82,-0.45,,
5/28/14,310.16,-0.21,,
5/29/14,313.78,1.17,,
5/30/14,312.55,-0.39,,
6/2/14,308.84,-1.19,,
6/3/14,307.19,-0.53,,
6/4/14,306.78,-0.13,,
6/5/14,323.57,5.47,,
6/6/14,329.67,1.89,,
6/9/14,327.50,-0.66,,
6/10/14,332.41,1.50,,
6/11/14,335.20,0.84,,
6/12/14,325.91,-2.77,,
6/13/14,326.27,0.11,,
6/16/14,327.62,0.41,,
6/17/14,325.62,-0.61,,
6/18/14,334.38,2.69,,
6/19/14,327.00,-2.21,,
6/20/14,324.20,-0.86,,
6/23/14,327.24,0.94,,
6/24/14,324.16,-0.94,,
6/25/14,327.44,1.01,,
6/26/14,325.69,-0.53,,
6/27/14,324.57,-0.34,,
6/30/14,324.78,0.06,,
7/1/14,332.39,2.34,,
7/2/14,332.85,0.14,,
7/3/14,337.49,1.39,,
7/7/14,333.55,-1.17,,
7/8/14,323.81,-2.92,,
7/9/14,329.97,1.90,,
7/10/14,327.92,-0.62,,
7/11/14,346.20,5.57,,
7/14/14,355.32,2.63,,
7/15/14,354.44,-0.25,,
7/16/14,355.90,0.41,,
7/17/14,352.45,-0.97,,
7/18/14,358.66,1.76,,
7/21/14,359.76,0.31,,
7/22/14,360.84,0.30,,
7/23/14,358.14,-0.75,,
7/24/14,358.61,0.13,,
7/25/14,324.01,-9.65,,
7/28/14,320.41,-1.11,,
7/29/14,320.00,-0.13,,
7/30/14,322.51,0.78,,
7/31/14,312.99,-2.95,,
8/1/14,307.06,-1.89,,
8/4/14,313.65,2.15,,
8/5/14,312.32,-0.42,,
8/6/14,313.89,0.50,,
8/7/14,311.45,-0.78,,
8/8/14,316.80,1.72,,
8/11/14,318.33,0.48,,
8/12/14,319.32,0.31,,
8/13/14,326.28,2.18,,
8/14/14,333.21,2.12,,
8/15/14,333.63,0.13,,
8/18/14,334.53,0.27,,
8/19/14,335.13,0.18,,
8/20/14,335.78,0.19,,
8/21/14,332.91,-0.85,,
8/22/14,331.59,-0.40,,
8/25/14,334.02,0.73,,
8/26/14,341.83,2.34,,
8/27/14,343.18,0.39,,
8/28/14,340.02,-0.92,,
8/29/14,339.04,-0.29,,
9/2/14,342.38,0.99,,
9/3/14,339.00,-0.99,,
9/4/14,345.95,2.05,,
9/5/14,346.38,0.12,,
9/8/14,342.34,-1.17,,
9/9/14,329.75,-3.68,,
9/10/14,331.33,0.48,,
9/11/14,330.52,-0.24,,
9/12/14,331.19,0.20,,
9/15/14,323.89,-2.20,,
9/16/14,327.76,1.19,,
9/17/14,324.00,-1.15,,
9/18/14,325.00,0.31,,
9/19/14,331.32,1.94,,
9/22/14,324.50,-2.06,,
9/23/14,323.63,-0.27,,
9/24/14,328.21,1.42,,
9/25/14,321.93,-1.91,,
9/26/14,323.21,0.40,,
9/29/14,321.82,-0.43,,
9/30/14,322.44,0.19,,
10/1/14,317.46,-1.54,,
10/2/14,318.41,0.30,,
10/3/14,322.74,1.36,,
10/6/14,322.20,-0.17,,
10/7/14,316.98,-1.62,,
10/8/14,322.70,1.80,,
10/9/14,315.37,-2.27,,
10/10/14,311.39,-1.26,,
10/13/14,306.45,-1.59,,
10/14/14,308.31,0.61,,
10/15/14,305.97,-0.76,,
10/16/14,302.86,-1.02,,
10/17/14,303.64,0.26,,
10/20/14,306.21,0.85,,
10/21/14,315.33,2.98,,
10/22/14,312.97,-0.75,,
10/23/14,313.18,0.07,,
10/24/14,287.06,-8.34,,
10/27/14,289.97,1.01,,
10/28/14,295.59,1.94,,
10/29/14,294.12,-0.50,,
10/30/14,299.07,1.68,,
10/31/14,305.46,2.14,,
11/3/14,305.72,0.09,,
11/4/14,302.81,-0.95,,
11/5/14,296.52,-2.08,,
11/6/14,296.64,0.04,,
11/7/14,299.86,1.09,,
11/10/14,305.11,1.75,,
11/11/14,312.01,2.26,,
11/12/14,311.51,-0.16,,
11/13/14,316.48,1.60,,
11/14/14,327.82,3.58,,
11/17/14,323.05,-1.46,,
11/18/14,324.93,0.58,,
11/19/14,326.54,0.50,,
11/20/14,330.54,1.22,,
11/21/14,332.63,0.63,,
11/24/14,335.64,0.90,,
11/25/14,335.04,-0.18,,
11/26/14,333.57,-0.44,,
11/28/14,338.64,1.52,,
12/1/14,326.00,-3.73,,
12/2/14,326.31,0.10,,
12/3/14,316.50,-3.01,,
12/4/14,316.93,0.14,,
12/5/14,312.63,-1.36,,
12/8/14,306.64,-1.92,,
12/9/14,312.50,1.91,,
12/10/14,305.84,-2.13,,
12/11/14,307.36,0.50,,
12/12/14,307.32,-0.01,,
12/15/14,306.07,-0.41,,
12/16/14,295.06,-3.60,,
12/17/14,298.88,1.29,,
12/18/14,297.73,-0.38,,
12/19/14,299.90,0.73,,
12/22/14,306.54,2.21,,
12/23/14,306.29,-0.08,,
12/24/14,303.03,-1.06,,
12/26/14,309.09,2.00,,
12/29/14,312.04,0.95,,
12/30/14,310.47,-0.50,,
12/31/14,310.35,-0.04,,