Date,KO Closing Price,KO Daily Percent Return,,
12/31/04,15.62,,,
1/3/05,15.59,-0.19,,
1/4/05,15.37,-1.41,,
1/5/05,15.30,-0.46,,
1/6/05,15.43,0.85,,
1/7/05,15.44,0.06,,
1/10/05,15.53,0.58,,
1/11/05,15.44,-0.58,,
1/12/05,15.44,0.00,,
1/13/05,15.29,-0.97,,
1/14/05,15.37,0.52,,
1/18/05,15.48,0.72,,
1/19/05,15.42,-0.39,,
1/20/05,15.51,0.58,,
1/21/05,15.35,-1.03,,
1/24/05,15.37,0.13,,
1/25/05,15.47,0.65,,
1/26/05,15.64,1.10,,
1/27/05,15.67,0.19,,
1/28/05,15.57,-0.64,,
1/31/05,15.57,0.00,,
2/1/05,15.54,-0.19,,
2/2/05,15.73,1.22,,
2/3/05,15.66,-0.45,,
2/4/05,15.94,1.79,,
2/7/05,15.94,0.00,,
2/8/05,16.00,0.38,,
2/9/05,16.04,0.25,,
2/10/05,15.95,-0.56,,
2/11/05,16.04,0.56,,
2/14/05,16.08,0.25,,
2/15/05,16.00,-0.50,,
2/16/05,16.25,1.56,,
2/17/05,16.13,-0.74,,
2/18/05,16.12,-0.06,,
2/22/05,16.06,-0.37,,
2/23/05,15.98,-0.50,,
2/24/05,16.01,0.19,,
2/25/05,16.14,0.81,,
2/28/05,16.06,-0.50,,
3/1/05,16.24,1.12,,
3/2/05,16.15,-0.55,,
3/3/05,16.20,0.31,,
3/4/05,16.38,1.11,,
3/7/05,16.41,0.18,,
3/8/05,16.29,-0.73,,
3/9/05,16.21,-0.49,,
3/10/05,16.16,-0.31,,
3/11/05,16.04,-0.74,,
3/14/05,15.99,-0.31,,
3/15/05,15.95,-0.25,,
3/16/05,15.84,-0.69,,
3/17/05,15.86,0.13,,
3/18/05,15.66,-1.26,,
3/21/05,15.71,0.32,,
3/22/05,15.64,-0.45,,
3/23/05,15.55,-0.58,,
3/24/05,15.56,0.06,,
3/28/05,15.53,-0.19,,
3/29/05,15.63,0.64,,
3/30/05,15.84,1.34,,
3/31/05,15.74,-0.63,,
4/1/05,15.63,-0.70,,
4/4/05,15.66,0.19,,
4/5/05,15.81,0.96,,
4/6/05,15.75,-0.38,,
4/7/05,15.91,1.02,,
4/8/05,15.90,-0.06,,
4/11/05,15.81,-0.57,,
4/12/05,15.99,1.14,,
4/13/05,15.90,-0.56,,
4/14/05,15.89,-0.06,,
4/15/05,15.59,-1.89,,
4/18/05,15.47,-0.77,,
4/19/05,16.01,3.49,,
4/20/05,15.82,-1.19,,
4/21/05,15.86,0.25,,
4/22/05,15.91,0.32,,
4/25/05,16.12,1.32,,
4/26/05,16.23,0.68,,
4/27/05,16.17,-0.37,,
4/28/05,16.12,-0.31,,
4/29/05,16.41,1.80,,
5/2/05,16.46,0.30,,
5/3/05,16.53,0.43,,
5/4/05,16.59,0.36,,
5/5/05,16.67,0.48,,
5/6/05,16.69,0.12,,
5/9/05,16.83,0.84,,
5/10/05,16.71,-0.71,,
5/11/05,16.72,0.06,,
5/12/05,16.68,-0.24,,
5/13/05,16.66,-0.12,,
5/16/05,16.72,0.36,,
5/17/05,16.77,0.30,,
5/18/05,16.97,1.19,,
5/19/05,17.09,0.71,,
5/20/05,17.01,-0.47,,
5/23/05,16.98,-0.18,,
5/24/05,17.00,0.12,,
5/25/05,16.96,-0.24,,
5/26/05,16.95,-0.06,,
5/27/05,16.97,0.12,,
5/31/05,16.86,-0.65,,
6/1/05,16.84,-0.12,,
6/2/05,16.91,0.42,,
6/3/05,16.71,-1.18,,
6/6/05,16.61,-0.60,,
6/7/05,16.66,0.30,,
6/8/05,16.58,-0.48,,
6/9/05,16.49,-0.54,,
6/10/05,16.60,0.67,,
6/13/05,16.57,-0.18,,
6/14/05,16.62,0.30,,
6/15/05,16.59,-0.18,,
6/16/05,16.64,0.30,,
6/17/05,16.74,0.60,,
6/20/05,16.69,-0.30,,
6/21/05,16.60,-0.54,,
6/22/05,16.51,-0.54,,
6/23/05,16.37,-0.85,,
6/24/05,16.04,-2.02,,
6/27/05,16.09,0.31,,
6/28/05,16.30,1.31,,
6/29/05,16.23,-0.43,,
6/30/05,15.87,-2.22,,
7/1/05,16.04,1.07,,
7/5/05,16.12,0.50,,
7/6/05,15.95,-1.05,,
7/7/05,15.87,-0.50,,
7/8/05,16.24,2.33,,
7/11/05,16.26,0.12,,
7/12/05,16.28,0.12,,
7/13/05,16.32,0.25,,
7/14/05,16.41,0.55,,
7/15/05,16.38,-0.18,,
7/18/05,16.32,-0.37,,
7/19/05,16.47,0.92,,
7/20/05,16.47,0.00,,
7/21/05,16.71,1.46,,
7/22/05,16.74,0.18,,
7/25/05,16.59,-0.90,,
7/26/05,16.61,0.12,,
7/27/05,16.73,0.72,,
7/28/05,16.87,0.84,,
7/29/05,16.63,-1.42,,
8/1/05,16.68,0.30,,
8/2/05,16.83,0.90,,
8/3/05,16.98,0.89,,
8/4/05,16.86,-0.71,,
8/5/05,16.75,-0.65,,
8/8/05,16.60,-0.90,,
8/9/05,16.76,0.96,,
8/10/05,16.69,-0.42,,
8/11/05,16.77,0.48,,
8/12/05,16.57,-1.19,,
8/15/05,16.55,-0.12,,
8/16/05,16.46,-0.54,,
8/17/05,16.46,0.00,,
8/18/05,16.55,0.55,,
8/19/05,16.87,1.93,,
8/22/05,16.83,-0.24,,
8/23/05,16.80,-0.18,,
8/24/05,16.66,-0.83,,
8/25/05,16.65,-0.06,,
8/26/05,16.56,-0.54,,
8/29/05,16.72,0.97,,
8/30/05,16.49,-1.38,,
8/31/05,16.72,1.39,,
9/1/05,16.68,-0.24,,
9/2/05,16.69,0.06,,
9/6/05,16.92,1.38,,
9/7/05,16.97,0.30,,
9/8/05,16.83,-0.82,,
9/9/05,16.74,-0.53,,
9/12/05,16.82,0.48,,
9/13/05,16.70,-0.71,,
9/14/05,16.65,-0.30,,
9/15/05,16.69,0.24,,
9/16/05,16.60,-0.54,,
9/19/05,16.59,-0.06,,
9/20/05,16.41,-1.08,,
9/21/05,16.16,-1.52,,
9/22/05,16.15,-0.06,,
9/23/05,16.20,0.31,,
9/26/05,16.21,0.06,,
9/27/05,16.19,-0.12,,
9/28/05,16.40,1.30,,
9/29/05,16.49,0.55,,
9/30/05,16.52,0.18,,
10/3/05,16.53,0.06,,
10/4/05,16.46,-0.42,,
10/5/05,16.30,-0.97,,
10/6/05,16.34,0.25,,
10/7/05,16.14,-1.22,,
10/10/05,16.06,-0.50,,
10/11/05,15.94,-0.75,,
10/12/05,15.96,0.13,,
10/13/05,15.96,0.00,,
10/14/05,16.09,0.81,,
10/17/05,16.10,0.06,,
10/18/05,15.97,-0.81,,
10/19/05,15.99,0.13,,
10/20/05,16.10,0.69,,
10/21/05,16.04,-0.37,,
10/24/05,16.22,1.12,,
10/25/05,16.24,0.12,,
10/26/05,16.20,-0.25,,
10/27/05,16.12,-0.49,,
10/28/05,16.38,1.61,,
10/31/05,16.36,-0.12,,
11/1/05,16.31,-0.31,,
11/2/05,16.28,-0.18,,
11/3/05,16.29,0.06,,
11/4/05,16.18,-0.68,,
11/7/05,16.22,0.25,,
11/8/05,16.12,-0.62,,
11/9/05,16.14,0.12,,
11/10/05,16.27,0.81,,
11/11/05,16.36,0.55,,
11/14/05,16.29,-0.43,,
11/15/05,16.24,-0.31,,
11/16/05,16.12,-0.74,,
11/17/05,16.02,-0.62,,
11/18/05,16.14,0.75,,
11/21/05,16.12,-0.12,,
11/22/05,16.20,0.50,,
11/23/05,16.31,0.68,,
11/25/05,16.37,0.37,,
11/28/05,16.36,-0.06,,
11/29/05,16.58,1.34,,
11/30/05,16.44,-0.84,,
12/1/05,16.50,0.36,,
12/2/05,16.49,-0.06,,
12/5/05,16.42,-0.42,,
12/6/05,16.38,-0.24,,
12/7/05,16.25,-0.79,,
12/8/05,16.13,-0.74,,
12/9/05,15.98,-0.93,,
12/12/05,15.84,-0.88,,
12/13/05,15.77,-0.44,,
12/14/05,15.82,0.32,,
12/15/05,15.85,0.19,,
12/16/05,15.87,0.13,,
12/19/05,15.95,0.50,,
12/20/05,15.87,-0.50,,
12/21/05,15.87,0.00,,
12/22/05,15.89,0.13,,
12/23/05,15.84,-0.31,,
12/27/05,15.78,-0.38,,
12/28/05,15.70,-0.51,,
12/29/05,15.63,-0.45,,
12/30/05,15.52,-0.70,,
1/3/06,15.75,1.48,,
1/4/06,15.72,-0.19,,
1/5/06,15.79,0.45,,
1/6/06,15.94,0.95,,
1/9/06,16.02,0.50,,
1/10/06,16.04,0.12,,
1/11/06,16.04,0.00,,
1/12/06,15.96,-0.50,,
1/13/06,15.91,-0.31,,
1/17/06,15.80,-0.69,,
1/18/06,15.72,-0.51,,
1/19/06,15.76,0.25,,
1/20/06,15.44,-2.03,,
1/23/06,15.59,0.97,,
1/24/06,15.75,1.03,,
1/25/06,15.84,0.57,,
1/26/06,15.97,0.82,,
1/27/06,16.16,1.19,,
1/30/06,16.08,-0.50,,
1/31/06,15.93,-0.93,,
2/1/06,15.98,0.31,,
2/2/06,15.88,-0.63,,
2/3/06,15.74,-0.88,,
2/6/06,15.76,0.13,,
2/7/06,15.80,0.25,,
2/8/06,15.88,0.51,,
2/9/06,15.79,-0.57,,
2/10/06,15.85,0.38,,
2/13/06,15.69,-1.01,,
2/14/06,15.92,1.47,,
2/15/06,15.92,0.00,,
2/16/06,16.01,0.57,,
2/17/06,16.09,0.50,,
2/21/06,16.11,0.12,,
2/22/06,16.20,0.56,,
2/23/06,16.18,-0.12,,
2/24/06,16.26,0.49,,
2/27/06,16.38,0.74,,
2/28/06,16.16,-1.34,,
3/1/06,16.29,0.80,,
3/2/06,16.14,-0.92,,
3/3/06,16.10,-0.25,,
3/6/06,16.15,0.31,,
3/7/06,16.10,-0.31,,
3/8/06,16.26,0.99,,
3/9/06,16.33,0.43,,
3/10/06,16.47,0.86,,
3/13/06,16.48,0.06,,
3/14/06,16.60,0.73,,
3/15/06,16.57,-0.18,,
3/16/06,16.56,-0.06,,
3/17/06,16.60,0.24,,
3/20/06,16.64,0.24,,
3/21/06,16.58,-0.36,,
3/22/06,16.59,0.06,,
3/23/06,16.45,-0.84,,
3/24/06,16.55,0.61,,
3/27/06,16.44,-0.66,,
3/28/06,16.35,-0.55,,
3/29/06,16.35,0.00,,
3/30/06,16.34,-0.06,,
3/31/06,16.24,-0.61,,
4/3/06,16.24,0.00,,
4/4/06,16.32,0.49,,
4/5/06,16.27,-0.31,,
4/6/06,16.17,-0.61,,
4/7/06,16.04,-0.80,,
4/10/06,16.09,0.31,,
4/11/06,16.01,-0.50,,
4/12/06,15.96,-0.31,,
4/13/06,16.00,0.25,,
4/17/06,15.92,-0.50,,
4/18/06,16.02,0.63,,
4/19/06,16.17,0.94,,
4/20/06,16.22,0.31,,
4/21/06,16.23,0.06,,
4/24/06,16.12,-0.68,,
4/25/06,16.04,-0.50,,
4/26/06,16.18,0.87,,
4/27/06,16.31,0.80,,
4/28/06,16.27,-0.25,,
5/1/06,16.28,0.06,,
5/2/06,16.38,0.61,,
5/3/06,16.26,-0.73,,
5/4/06,16.32,0.37,,
5/5/06,16.57,1.53,,
5/8/06,16.82,1.51,,
5/9/06,16.94,0.71,,
5/10/06,16.90,-0.24,,
5/11/06,16.83,-0.41,,
5/12/06,16.75,-0.48,,
5/15/06,17.04,1.73,,
5/16/06,17.00,-0.23,,
5/17/06,16.89,-0.65,,
5/18/06,16.89,0.00,,
5/19/06,16.93,0.24,,
5/22/06,16.91,-0.12,,
5/23/06,16.90,-0.06,,
5/24/06,17.08,1.07,,
5/25/06,17.21,0.76,,
5/26/06,17.26,0.29,,
5/30/06,16.94,-1.85,,
5/31/06,17.08,0.83,,
6/1/06,17.03,-0.29,,
6/2/06,17.02,-0.06,,
6/5/06,16.84,-1.06,,
6/6/06,16.87,0.18,,
6/7/06,16.83,-0.24,,
6/8/06,16.83,0.00,,
6/9/06,16.89,0.36,,
6/12/06,16.80,-0.53,,
6/13/06,16.76,-0.24,,
6/14/06,16.72,-0.24,,
6/15/06,16.81,0.54,,
6/16/06,16.88,0.42,,
6/19/06,16.77,-0.65,,
6/20/06,16.72,-0.30,,
6/21/06,16.80,0.48,,
6/22/06,16.75,-0.30,,
6/23/06,16.70,-0.30,,
6/26/06,16.73,0.18,,
6/27/06,16.61,-0.72,,
6/28/06,16.57,-0.24,,
6/29/06,16.82,1.51,,
6/30/06,16.81,-0.06,,
7/3/06,16.94,0.77,,
7/5/06,16.81,-0.77,,
7/6/06,16.93,0.71,,
7/7/06,16.87,-0.35,,
7/10/06,17.04,1.01,,
7/11/06,17.11,0.41,,
7/12/06,17.02,-0.53,,
7/13/06,16.84,-1.06,,
7/14/06,16.66,-1.07,,
7/17/06,16.68,0.12,,
7/18/06,17.01,1.98,,
7/19/06,17.12,0.65,,
7/20/06,17.13,0.06,,
7/21/06,17.15,0.12,,
7/24/06,17.19,0.23,,
7/25/06,17.29,0.58,,
7/26/06,17.36,0.40,,
7/27/06,17.31,-0.29,,
7/28/06,17.39,0.46,,
7/31/06,17.38,-0.06,,
8/1/06,17.31,-0.40,,
8/2/06,17.31,0.00,,
8/3/06,17.20,-0.64,,
8/4/06,17.13,-0.41,,
8/7/06,17.04,-0.53,,
8/8/06,17.11,0.41,,
8/9/06,17.09,-0.12,,
8/10/06,17.15,0.35,,
8/11/06,17.10,-0.29,,
8/14/06,17.18,0.47,,
8/15/06,17.31,0.76,,
8/16/06,17.32,0.06,,
8/17/06,17.26,-0.35,,
8/18/06,17.31,0.29,,
8/21/06,17.26,-0.29,,
8/22/06,17.35,0.52,,
8/23/06,17.31,-0.23,,
8/24/06,17.39,0.46,,
8/25/06,17.39,0.00,,
8/28/06,17.47,0.46,,
8/29/06,17.63,0.92,,
8/30/06,17.56,-0.40,,
8/31/06,17.51,-0.28,,
9/1/06,17.61,0.57,,
9/5/06,17.57,-0.23,,
9/6/06,17.46,-0.63,,
9/7/06,17.38,-0.46,,
9/8/06,17.42,0.23,,
9/11/06,17.40,-0.11,,
9/12/06,17.49,0.52,,
9/13/06,17.55,0.34,,
9/14/06,17.54,-0.06,,
9/15/06,17.54,0.00,,
9/18/06,17.48,-0.34,,
9/19/06,17.46,-0.11,,
9/20/06,17.49,0.17,,
9/21/06,17.39,-0.57,,
9/22/06,17.30,-0.52,,
9/25/06,17.47,0.98,,
9/26/06,17.56,0.52,,
9/27/06,17.59,0.17,,
9/28/06,17.68,0.51,,
9/29/06,17.58,-0.57,,
10/2/06,17.51,-0.40,,
10/3/06,17.53,0.11,,
10/4/06,17.62,0.51,,
10/5/06,17.64,0.11,,
10/6/06,17.61,-0.17,,
10/9/06,17.47,-0.80,,
10/10/06,17.33,-0.80,,
10/11/06,17.36,0.17,,
10/12/06,17.33,-0.17,,
10/13/06,17.32,-0.06,,
10/16/06,17.41,0.52,,
10/17/06,17.23,-1.03,,
10/18/06,17.29,0.35,,
10/19/06,17.67,2.20,,
10/20/06,18.39,4.07,,
10/23/06,18.60,1.14,,
10/24/06,18.50,-0.54,,
10/25/06,18.56,0.32,,
10/26/06,18.54,-0.11,,
10/27/06,18.44,-0.54,,
10/30/06,18.39,-0.27,,
10/31/06,18.38,-0.05,,
11/1/06,18.35,-0.16,,
11/2/06,18.37,0.11,,
11/3/06,18.29,-0.44,,
11/6/06,18.41,0.66,,
11/7/06,18.46,0.27,,
11/8/06,18.44,-0.11,,
11/9/06,18.35,-0.49,,
11/10/06,18.28,-0.38,,
11/13/06,18.26,-0.11,,
11/14/06,18.31,0.27,,
11/15/06,18.35,0.22,,
11/16/06,18.54,1.04,,
11/17/06,18.59,0.27,,
11/20/06,18.50,-0.48,,
11/21/06,18.48,-0.11,,
11/22/06,18.53,0.27,,
11/24/06,18.46,-0.38,,
11/27/06,18.31,-0.81,,
11/28/06,18.36,0.27,,
11/29/06,18.47,0.60,,
11/30/06,18.55,0.43,,
12/1/06,18.44,-0.59,,
12/4/06,18.55,0.60,,
12/5/06,19.01,2.48,,
12/6/06,19.16,0.79,,
12/7/06,19.29,0.68,,
12/8/06,19.37,0.41,,
12/11/06,19.33,-0.21,,
12/12/06,19.36,0.16,,
12/13/06,19.34,-0.10,,
12/14/06,19.40,0.31,,
12/15/06,19.38,-0.10,,
12/18/06,19.36,-0.10,,
12/19/06,19.31,-0.26,,
12/20/06,19.31,0.00,,
12/21/06,19.27,-0.21,,
12/22/06,19.16,-0.57,,
12/26/06,19.23,0.37,,
12/27/06,19.28,0.26,,
12/28/06,19.22,-0.31,,
12/29/06,19.11,-0.57,,
1/3/07,19.24,0.68,,
1/4/07,19.25,0.05,,
1/5/07,19.11,-0.73,,
1/8/07,19.23,0.63,,
1/9/07,19.25,0.10,,
1/10/07,19.28,0.16,,
1/11/07,19.30,0.10,,
1/12/07,19.23,-0.36,,
1/16/07,19.21,-0.10,,
1/17/07,19.25,0.21,,
1/18/07,19.15,-0.52,,
1/19/07,19.11,-0.21,,
1/22/07,19.02,-0.47,,
1/23/07,19.06,0.21,,
1/24/07,19.06,0.00,,
1/25/07,18.98,-0.42,,
1/26/07,18.94,-0.21,,
1/29/07,18.89,-0.26,,
1/30/07,18.93,0.21,,
1/31/07,18.96,0.16,,
2/1/07,19.05,0.47,,
2/2/07,19.10,0.26,,
2/5/07,18.97,-0.68,,
2/6/07,19.03,0.32,,
2/7/07,19.02,-0.05,,
2/8/07,18.95,-0.37,,
2/9/07,18.91,-0.21,,
2/12/07,18.98,0.37,,
2/13/07,19.09,0.58,,
2/14/07,18.96,-0.68,,
2/15/07,18.95,-0.05,,
2/16/07,18.96,0.05,,
2/20/07,18.92,-0.21,,
2/21/07,18.84,-0.42,,
2/22/07,18.73,-0.58,,
2/23/07,18.72,-0.05,,
2/26/07,18.90,0.96,,
2/27/07,18.37,-2.80,,
2/28/07,18.49,0.65,,
3/1/07,18.42,-0.38,,
3/2/07,18.17,-1.36,,
3/5/07,18.33,0.88,,
3/6/07,18.58,1.36,,
3/7/07,18.51,-0.38,,
3/8/07,18.67,0.86,,
3/9/07,18.84,0.91,,
3/12/07,18.99,0.80,,
3/13/07,18.77,-1.16,,
3/14/07,18.76,-0.05,,
3/15/07,18.78,0.11,,
3/16/07,18.83,0.27,,
3/19/07,18.88,0.27,,
3/20/07,18.99,0.58,,
3/21/07,19.25,1.37,,
3/22/07,19.24,-0.05,,
3/23/07,19.16,-0.42,,
3/26/07,19.20,0.21,,
3/27/07,19.15,-0.26,,
3/28/07,19.11,-0.21,,
3/29/07,19.19,0.42,,
3/30/07,19.14,-0.26,,
4/2/07,19.35,1.10,,
4/3/07,19.54,0.98,,
4/4/07,19.73,0.97,,
4/5/07,19.75,0.10,,
4/9/07,19.79,0.20,,
4/10/07,19.97,0.91,,
4/11/07,19.80,-0.85,,
4/12/07,19.81,0.05,,
4/13/07,19.89,0.40,,
4/16/07,20.05,0.80,,
4/17/07,20.57,2.59,,
4/18/07,20.60,0.15,,
4/19/07,20.64,0.19,,
4/20/07,20.78,0.68,,
4/23/07,20.60,-0.87,,
4/24/07,20.62,0.10,,
4/25/07,20.64,0.10,,
4/26/07,20.77,0.63,,
4/27/07,20.76,-0.05,,
4/30/07,20.82,0.29,,
5/1/07,20.99,0.82,,
5/2/07,21.02,0.14,,
5/3/07,21.10,0.38,,
5/4/07,21.22,0.57,,
5/7/07,21.38,0.75,,
5/8/07,21.17,-0.98,,
5/9/07,21.18,0.05,,
5/10/07,20.93,-1.18,,
5/11/07,21.01,0.38,,
5/14/07,20.98,-0.14,,
5/15/07,20.92,-0.29,,
5/16/07,21.03,0.53,,
5/17/07,20.82,-1.00,,
5/18/07,20.99,0.82,,
5/21/07,20.70,-1.38,,
5/22/07,20.53,-0.82,,
5/23/07,20.47,-0.29,,
5/24/07,20.44,-0.15,,
5/25/07,20.70,1.27,,
5/29/07,20.81,0.53,,
5/30/07,21.16,1.68,,
5/31/07,21.13,-0.14,,
6/1/07,21.06,-0.33,,
6/4/07,21.01,-0.24,,
6/5/07,20.87,-0.67,,
6/6/07,20.74,-0.62,,
6/7/07,20.49,-1.21,,
6/8/07,20.61,0.59,,
6/11/07,20.59,-0.10,,
6/12/07,20.40,-0.92,,
6/13/07,20.62,1.08,,
6/14/07,20.60,-0.10,,
6/15/07,20.71,0.53,,
6/18/07,20.78,0.34,,
6/19/07,20.63,-0.72,,
6/20/07,20.67,0.19,,
6/21/07,20.91,1.16,,
6/22/07,20.73,-0.86,,
6/25/07,20.79,0.29,,
6/26/07,20.86,0.34,,
6/27/07,21.06,0.96,,
6/28/07,21.13,0.33,,
6/29/07,21.00,-0.62,,
7/2/07,21.10,0.48,,
7/3/07,21.24,0.66,,
7/5/07,21.15,-0.42,,
7/6/07,21.12,-0.14,,
7/9/07,21.16,0.19,,
7/10/07,20.92,-1.13,,
7/11/07,20.91,-0.05,,
7/12/07,21.13,1.05,,
7/13/07,21.32,0.90,,
7/16/07,21.62,1.41,,
7/17/07,21.35,-1.25,,
7/18/07,21.45,0.47,,
7/19/07,21.56,0.51,,
7/20/07,21.36,-0.93,,
7/23/07,21.54,0.84,,
7/24/07,21.37,-0.79,,
7/25/07,21.70,1.54,,
7/26/07,21.27,-1.98,,
7/27/07,20.99,-1.32,,
7/30/07,21.03,0.19,,
7/31/07,20.92,-0.52,,
8/1/07,21.39,2.25,,
8/2/07,21.54,0.70,,
8/3/07,21.39,-0.70,,
8/6/07,21.77,1.78,,
8/7/07,21.87,0.46,,
8/8/07,22.43,2.56,,
8/9/07,22.42,-0.04,,
8/10/07,22.07,-1.56,,
8/13/07,21.89,-0.82,,
8/14/07,21.74,-0.69,,
8/15/07,21.61,-0.60,,
8/16/07,21.51,-0.46,,
8/17/07,21.86,1.63,,
8/20/07,21.89,0.14,,
8/21/07,21.69,-0.91,,
8/22/07,21.66,-0.14,,
8/23/07,21.67,0.05,,
8/24/07,21.68,0.05,,
8/27/07,21.69,0.05,,
8/28/07,21.38,-1.43,,
8/29/07,21.48,0.47,,
8/30/07,21.44,-0.19,,
8/31/07,21.59,0.70,,
9/4/07,21.83,1.11,,
9/5/07,21.56,-1.24,,
9/6/07,21.95,1.81,,
9/7/07,21.92,-0.14,,
9/10/07,21.91,-0.05,,
9/11/07,22.35,2.01,,
9/12/07,22.56,0.94,,
9/13/07,22.57,0.04,,
9/14/07,22.78,0.93,,
9/17/07,22.33,-1.98,,
9/18/07,22.79,2.06,,
9/19/07,22.87,0.35,,
9/20/07,22.75,-0.52,,
9/21/07,22.84,0.40,,
9/24/07,22.91,0.31,,
9/25/07,23.03,0.52,,
9/26/07,23.17,0.61,,
9/27/07,23.16,-0.04,,
9/28/07,23.22,0.26,,
10/1/07,23.39,0.73,,
10/2/07,23.40,0.04,,
10/3/07,23.26,-0.60,,
10/4/07,23.38,0.52,,
10/5/07,23.46,0.34,,
10/8/07,23.35,-0.47,,
10/9/07,23.38,0.13,,
10/10/07,23.38,0.00,,
10/11/07,23.10,-1.20,,
10/12/07,23.35,1.08,,
10/15/07,23.29,-0.26,,
10/16/07,23.33,0.17,,
10/17/07,23.87,2.31,,
10/18/07,23.98,0.46,,
10/19/07,23.74,-1.00,,
10/22/07,23.94,0.84,,
10/23/07,24.14,0.84,,
10/24/07,24.31,0.70,,
10/25/07,24.76,1.85,,
10/26/07,24.87,0.44,,
10/29/07,24.98,0.44,,
10/30/07,24.94,-0.16,,
10/31/07,24.95,0.04,,
11/1/07,24.60,-1.40,,
11/2/07,24.44,-0.65,,
11/5/07,24.38,-0.25,,
11/6/07,24.65,1.11,,
11/7/07,24.22,-1.74,,
11/8/07,24.83,2.52,,
11/9/07,24.57,-1.05,,
11/12/07,24.18,-1.59,,
11/13/07,24.66,1.99,,
11/14/07,24.79,0.53,,
11/15/07,25.03,0.97,,
11/16/07,25.30,1.08,,
11/19/07,25.17,-0.51,,
11/20/07,25.37,0.79,,
11/21/07,25.15,-0.87,,
11/23/07,25.17,0.08,,
11/26/07,24.94,-0.91,,
11/27/07,25.44,2.00,,
11/28/07,25.58,0.55,,
11/29/07,25.50,-0.31,,
11/30/07,25.22,-1.10,,
12/3/07,25.26,0.16,,
12/4/07,25.49,0.91,,
12/5/07,25.61,0.47,,
12/6/07,25.62,0.04,,
12/7/07,25.65,0.12,,
12/10/07,25.70,0.19,,
12/11/07,25.58,-0.47,,
12/12/07,25.90,1.25,,
12/13/07,26.03,0.50,,
12/14/07,25.92,-0.42,,
12/17/07,25.37,-2.12,,
12/18/07,25.27,-0.39,,
12/19/07,25.53,1.03,,
12/20/07,25.30,-0.90,,
12/21/07,25.62,1.26,,
12/24/07,25.67,0.20,,
12/26/07,25.59,-0.31,,
12/27/07,25.30,-1.13,,
12/28/07,25.29,-0.04,,
12/31/07,24.93,-1.42,,
1/2/08,24.81,-0.48,,
1/3/08,25.07,1.05,,
1/4/08,25.12,0.20,,
1/7/08,25.71,2.35,,
1/8/08,25.82,0.43,,
1/9/08,26.51,2.67,,
1/10/08,26.63,0.45,,
1/11/08,25.90,-2.74,,
1/14/08,26.12,0.85,,
1/15/08,25.84,-1.07,,
1/16/08,25.45,-1.51,,
1/17/08,25.20,-0.98,,
1/18/08,24.67,-2.10,,
1/22/08,23.88,-3.20,,
1/23/08,23.91,0.13,,
1/24/08,24.32,1.71,,
1/25/08,23.72,-2.47,,
1/28/08,24.13,1.73,,
1/29/08,23.78,-1.45,,
1/30/08,23.46,-1.35,,
1/31/08,23.96,2.13,,
2/1/08,24.07,0.46,,
2/4/08,23.81,-1.08,,
2/5/08,23.31,-2.10,,
2/6/08,23.44,0.56,,
2/7/08,23.74,1.28,,
2/8/08,24.07,1.39,,
2/11/08,24.17,0.42,,
2/12/08,24.34,0.70,,
2/13/08,24.12,-0.90,,
2/14/08,23.78,-1.41,,
2/15/08,23.87,0.38,,
2/19/08,23.60,-1.13,,
2/20/08,23.65,0.21,,
2/21/08,23.55,-0.42,,
2/22/08,23.66,0.47,,
2/25/08,23.87,0.89,,
2/26/08,24.18,1.30,,
2/27/08,24.39,0.87,,
2/28/08,24.15,-0.98,,
2/29/08,23.74,-1.70,,
3/3/08,23.97,0.97,,
3/4/08,24.11,0.58,,
3/5/08,24.24,0.54,,
3/6/08,24.00,-0.99,,
3/7/08,23.90,-0.42,,
3/10/08,23.83,-0.29,,
3/11/08,24.15,1.34,,
3/12/08,24.20,0.21,,
3/13/08,24.09,-0.45,,
3/14/08,23.52,-2.37,,
3/17/08,23.58,0.26,,
3/18/08,24.29,3.01,,
3/19/08,24.51,0.91,,
3/20/08,24.95,1.80,,
3/24/08,25.01,0.24,,
3/25/08,25.10,0.36,,
3/26/08,25.00,-0.40,,
3/27/08,25.06,0.24,,
3/28/08,24.91,-0.60,,
3/31/08,24.88,-0.12,,
4/1/08,25.12,0.96,,
4/2/08,24.71,-1.63,,
4/3/08,24.76,0.20,,
4/4/08,24.63,-0.53,,
4/7/08,24.68,0.20,,
4/8/08,24.74,0.24,,
4/9/08,24.85,0.44,,
4/10/08,25.07,0.89,,
4/11/08,24.65,-1.68,,
4/14/08,24.94,1.18,,
4/15/08,24.91,-0.12,,
4/16/08,25.00,0.36,,
4/17/08,24.80,-0.80,,
4/18/08,24.57,-0.93,,
4/21/08,24.67,0.41,,
4/22/08,24.48,-0.77,,
4/23/08,24.66,0.74,,
4/24/08,24.63,-0.12,,
4/25/08,24.25,-1.54,,
4/28/08,24.11,-0.58,,
4/29/08,24.00,-0.46,,
4/30/08,24.06,0.25,,
5/1/08,24.15,0.37,,
5/2/08,24.02,-0.54,,
5/5/08,23.86,-0.67,,
5/6/08,23.82,-0.17,,
5/7/08,23.31,-2.14,,
5/8/08,23.01,-1.29,,
5/9/08,22.95,-0.26,,
5/12/08,23.06,0.48,,
5/13/08,23.10,0.17,,
5/14/08,23.11,0.04,,
5/15/08,23.30,0.82,,
5/16/08,23.33,0.13,,
5/19/08,23.51,0.77,,
5/20/08,23.34,-0.72,,
5/21/08,23.16,-0.77,,
5/22/08,23.82,2.85,,
5/23/08,23.97,0.63,,
5/27/08,23.95,-0.08,,
5/28/08,23.48,-1.96,,
5/29/08,23.66,0.77,,
5/30/08,23.41,-1.06,,
6/2/08,23.30,-0.47,,
6/3/08,23.06,-1.03,,
6/4/08,23.18,0.52,,
6/5/08,23.38,0.86,,
6/6/08,22.81,-2.44,,
6/9/08,22.83,0.09,,
6/10/08,23.71,3.85,,
6/11/08,23.51,-0.84,,
6/12/08,23.51,0.00,,
6/13/08,22.80,-3.02,,
6/16/08,22.29,-2.24,,
6/17/08,22.20,-0.40,,
6/18/08,21.87,-1.49,,
6/19/08,21.96,0.41,,
6/20/08,22.08,0.55,,
6/23/08,21.92,-0.72,,
6/24/08,21.96,0.18,,
6/25/08,22.26,1.37,,
6/26/08,21.90,-1.62,,
6/27/08,21.33,-2.60,,
6/30/08,21.39,0.28,,
7/1/08,20.99,-1.87,,
7/2/08,21.14,0.71,,
7/3/08,21.18,0.19,,
7/7/08,21.10,-0.38,,
7/8/08,21.18,0.38,,
7/9/08,20.94,-1.13,,
7/10/08,20.59,-1.67,,
7/11/08,20.68,0.44,,
7/14/08,20.97,1.40,,
7/15/08,21.31,1.62,,
7/16/08,21.54,1.08,,
7/17/08,20.71,-3.85,,
7/18/08,20.59,-0.58,,
7/21/08,20.41,-0.87,,
7/22/08,21.13,3.53,,
7/23/08,21.60,2.22,,
7/24/08,21.34,-1.20,,
7/25/08,21.42,0.37,,
7/28/08,21.05,-1.73,,
7/29/08,21.22,0.81,,
7/30/08,21.11,-0.52,,
7/31/08,21.19,0.38,,
8/1/08,21.87,3.21,,
8/4/08,22.18,1.42,,
8/5/08,22.59,1.85,,
8/6/08,22.78,0.84,,
8/7/08,22.22,-2.46,,
8/8/08,22.80,2.61,,
8/11/08,22.78,-0.09,,
8/12/08,22.54,-1.05,,
8/13/08,22.72,0.80,,
8/14/08,22.64,-0.35,,
8/15/08,22.66,0.09,,
8/18/08,22.36,-1.32,,
8/19/08,22.36,0.00,,
8/20/08,22.36,0.00,,
8/21/08,22.02,-1.52,,
8/22/08,22.37,1.59,,
8/25/08,22.04,-1.48,,
8/26/08,22.02,-0.09,,
8/27/08,22.13,0.50,,
8/28/08,21.86,-1.22,,
8/29/08,21.43,-1.97,,
9/2/08,21.38,-0.23,,
9/3/08,21.26,-0.56,,
9/4/08,21.28,0.09,,
9/5/08,21.37,0.42,,
9/8/08,21.96,2.76,,
9/9/08,22.17,0.96,,
9/10/08,22.14,-0.14,,
9/11/08,22.44,1.36,,
9/12/08,22.58,0.62,,
9/15/08,22.69,0.49,,
9/16/08,22.73,0.18,,
9/17/08,21.82,-4.00,,
9/18/08,22.12,1.37,,
9/19/08,21.85,-1.22,,
9/22/08,21.29,-2.56,,
9/23/08,21.00,-1.36,,
9/24/08,20.80,-0.95,,
9/25/08,21.33,2.55,,
9/26/08,21.75,1.97,,
9/29/08,21.15,-2.76,,
9/30/08,21.91,3.59,,
10/1/08,22.44,2.42,,
10/2/08,22.21,-1.02,,
10/3/08,21.79,-1.89,,
10/6/08,21.10,-3.17,,
10/7/08,20.43,-3.18,,
10/8/08,19.65,-3.82,,
10/9/08,17.94,-8.70,,
10/10/08,17.20,-4.12,,
10/13/08,19.58,13.84,,
10/14/08,18.12,-7.46,,
10/15/08,18.32,1.10,,
10/16/08,18.97,3.55,,
10/17/08,18.32,-3.43,,
10/20/08,19.25,5.08,,
10/21/08,19.07,-0.94,,
10/22/08,18.81,-1.36,,
10/23/08,17.84,-5.16,,
10/24/08,17.24,-3.36,,
10/27/08,16.99,-1.45,,
10/28/08,18.75,10.36,,
10/29/08,18.17,-3.09,,
10/30/08,18.51,1.87,,
10/31/08,18.26,-1.35,,
11/3/08,18.83,3.12,,
11/4/08,19.07,1.27,,
11/5/08,18.54,-2.78,,
11/6/08,18.44,-0.54,,
11/7/08,19.17,3.96,,
11/10/08,19.02,-0.78,,
11/11/08,18.42,-3.15,,
11/12/08,18.16,-1.41,,
11/13/08,19.18,5.62,,
11/14/08,18.66,-2.71,,
11/17/08,18.22,-2.36,,
11/18/08,18.02,-1.10,,
11/19/08,17.52,-2.77,,
11/20/08,17.02,-2.85,,
11/21/08,18.23,7.11,,
11/24/08,18.74,2.80,,
11/25/08,18.68,-0.32,,
11/26/08,18.97,1.55,,
11/28/08,19.59,3.27,,
12/1/08,18.53,-5.41,,
12/2/08,18.36,-0.92,,
12/3/08,19.28,5.01,,
12/4/08,18.70,-3.01,,
12/5/08,19.22,2.78,,
12/8/08,19.22,0.00,,
12/9/08,18.74,-2.50,,
12/10/08,18.94,1.07,,
12/11/08,18.48,-2.43,,
12/12/08,18.63,0.81,,
12/15/08,18.79,0.86,,
12/16/08,19.42,3.35,,
12/17/08,19.01,-2.11,,
12/18/08,18.88,-0.68,,
12/19/08,18.57,-1.64,,
12/22/08,18.66,0.48,,
12/23/08,18.38,-1.50,,
12/24/08,18.43,0.27,,
12/26/08,18.63,1.09,,
12/29/08,18.56,-0.38,,
12/30/08,18.78,1.19,,
12/31/08,18.92,0.75,,
1/2/09,19.18,1.37,,
1/5/09,18.99,-0.99,,
1/6/09,18.69,-1.58,,
1/7/09,18.78,0.48,,
1/8/09,18.91,0.69,,
1/9/09,18.64,-1.43,,
1/12/09,18.28,-1.93,,
1/13/09,18.40,0.66,,
1/14/09,17.81,-3.21,,
1/15/09,18.12,1.74,,
1/16/09,18.32,1.10,,
1/20/09,17.92,-2.18,,
1/21/09,18.09,0.95,,
1/22/09,18.02,-0.39,,
1/23/09,17.64,-2.11,,
1/26/09,17.98,1.93,,
1/27/09,18.11,0.72,,
1/28/09,18.33,1.21,,
1/29/09,18.20,-0.71,,
1/30/09,17.85,-1.92,,
2/2/09,17.65,-1.12,,
2/3/09,18.10,2.55,,
2/4/09,17.72,-2.10,,
2/5/09,17.84,0.68,,
2/6/09,18.20,2.02,,
2/9/09,17.68,-2.86,,
2/10/09,17.00,-3.85,,
2/11/09,17.25,1.47,,
2/12/09,18.55,7.54,,
2/13/09,18.33,-1.19,,
2/17/09,17.80,-2.89,,
2/18/09,17.84,0.22,,
2/19/09,18.10,1.46,,
2/20/09,17.90,-1.10,,
2/23/09,17.59,-1.73,,
2/24/09,18.00,2.33,,
2/25/09,17.71,-1.61,,
2/26/09,17.16,-3.11,,
2/27/09,17.07,-0.52,,
3/2/09,16.59,-2.81,,
3/3/09,16.23,-2.17,,
3/4/09,16.60,2.28,,
3/5/09,15.82,-4.70,,
3/6/09,16.34,3.29,,
3/9/09,16.19,-0.92,,
3/10/09,16.37,1.11,,
3/11/09,16.71,2.08,,
3/12/09,17.25,3.23,,
3/13/09,17.41,0.93,,
3/16/09,17.43,0.11,,
3/17/09,17.51,0.46,,
3/18/09,17.59,0.46,,
3/19/09,17.81,1.25,,
3/20/09,18.01,1.12,,
3/23/09,18.64,3.50,,
3/24/09,18.59,-0.27,,
3/25/09,18.90,1.67,,
3/26/09,18.94,0.21,,
3/27/09,19.05,0.58,,
3/30/09,18.55,-2.62,,
3/31/09,18.56,0.05,,
4/1/09,18.95,2.10,,
4/2/09,19.15,1.06,,
4/3/09,18.99,-0.84,,
4/6/09,19.00,0.05,,
4/7/09,18.85,-0.79,,
4/8/09,19.00,0.80,,
4/9/09,19.00,0.00,,
4/13/09,18.89,-0.58,,
4/14/09,18.67,-1.16,,
4/15/09,19.02,1.87,,
4/16/09,19.05,0.16,,
4/17/09,19.01,-0.21,,
4/20/09,18.72,-1.53,,
4/21/09,18.20,-2.78,,
4/22/09,18.13,-0.38,,
4/23/09,18.13,0.00,,
4/24/09,18.07,-0.33,,
4/27/09,17.84,-1.27,,
4/28/09,17.86,0.11,,
4/29/09,18.04,1.01,,
4/30/09,18.18,0.78,,
5/1/09,17.94,-1.32,,
5/4/09,18.23,1.62,,
5/5/09,18.22,-0.05,,
5/6/09,18.14,-0.44,,
5/7/09,18.08,-0.33,,
5/8/09,18.13,0.28,,
5/11/09,18.06,-0.39,,
5/12/09,18.75,3.82,,
5/13/09,18.43,-1.71,,
5/14/09,18.96,2.88,,
5/15/09,18.99,0.16,,
5/18/09,19.46,2.47,,
5/19/09,19.70,1.23,,
5/20/09,19.85,0.76,,
5/21/09,19.72,-0.65,,
5/22/09,19.98,1.32,,
5/26/09,19.94,-0.20,,
5/27/09,19.69,-1.25,,
5/28/09,19.81,0.61,,
5/29/09,20.76,4.80,,
6/1/09,20.70,-0.29,,
6/2/09,20.97,1.30,,
6/3/09,20.73,-1.14,,
6/4/09,21.02,1.40,,
6/5/09,20.88,-0.67,,
6/8/09,20.86,-0.10,,
6/9/09,20.73,-0.62,,
6/10/09,20.45,-1.35,,
6/11/09,20.69,1.17,,
6/12/09,20.82,0.63,,
6/15/09,20.49,-1.59,,
6/16/09,20.37,-0.59,,
6/17/09,20.42,0.25,,
6/18/09,21.11,3.38,,
6/19/09,20.79,-1.52,,
6/22/09,20.44,-1.68,,
6/23/09,20.36,-0.39,,
6/24/09,20.23,-0.64,,
6/25/09,20.38,0.74,,
6/26/09,20.50,0.59,,
6/29/09,20.57,0.34,,
6/30/09,20.44,-0.63,,
7/1/09,20.95,2.50,,
7/2/09,20.82,-0.62,,
7/6/09,20.87,0.24,,
7/7/09,20.72,-0.72,,
7/8/09,20.66,-0.29,,
7/9/09,20.75,0.44,,
7/10/09,20.58,-0.82,,
7/13/09,20.89,1.51,,
7/14/09,21.00,0.53,,
7/15/09,21.52,2.48,,
7/16/09,21.63,0.51,,
7/17/09,21.43,-0.92,,
7/20/09,21.74,1.45,,
7/21/09,21.45,-1.33,,
7/22/09,20.93,-2.42,,
7/23/09,20.95,0.10,,
7/24/09,21.03,0.38,,
7/27/09,21.09,0.29,,
7/28/09,21.04,-0.24,,
7/29/09,20.99,-0.24,,
7/30/09,21.16,0.81,,
7/31/09,21.23,0.33,,
8/3/09,21.13,-0.47,,
8/4/09,21.08,-0.24,,
8/5/09,20.94,-0.66,,
8/6/09,21.04,0.48,,
8/7/09,21.02,-0.10,,
8/10/09,21.06,0.19,,
8/11/09,20.89,-0.81,,
8/12/09,20.64,-1.20,,
8/13/09,20.50,-0.68,,
8/14/09,20.65,0.73,,
8/17/09,20.74,0.44,,
8/18/09,20.71,-0.14,,
8/19/09,21.03,1.55,,
8/20/09,21.05,0.10,,
8/21/09,21.26,1.00,,
8/24/09,20.90,-1.69,,
8/25/09,20.76,-0.67,,
8/26/09,20.95,0.92,,
8/27/09,21.06,0.53,,
8/28/09,20.90,-0.76,,
8/31/09,20.77,-0.62,,
9/1/09,20.67,-0.48,,
9/2/09,21.21,2.61,,
9/3/09,21.12,-0.42,,
9/4/09,21.28,0.76,,
9/8/09,21.47,0.89,,
9/9/09,21.57,0.47,,
9/10/09,21.54,-0.14,,
9/11/09,22.12,2.69,,
9/14/09,22.40,1.27,,
9/15/09,22.52,0.54,,
9/16/09,22.62,0.44,,
9/17/09,22.94,1.41,,
9/18/09,23.09,0.65,,
9/21/09,22.76,-1.43,,
9/22/09,22.70,-0.26,,
9/23/09,22.58,-0.53,,
9/24/09,22.48,-0.44,,
9/25/09,22.75,1.20,,
9/28/09,22.82,0.31,,
9/29/09,22.89,0.31,,
9/30/09,23.06,0.74,,
10/1/09,22.81,-1.08,,
10/2/09,23.13,1.40,,
10/5/09,23.10,-0.13,,
10/6/09,23.33,1.00,,
10/7/09,23.54,0.90,,
10/8/09,23.44,-0.42,,
10/9/09,23.47,0.13,,
10/12/09,23.53,0.26,,
10/13/09,23.53,0.00,,
10/14/09,23.55,0.08,,
10/15/09,23.58,0.13,,
10/16/09,23.62,0.17,,
10/19/09,23.53,-0.38,,
10/20/09,23.22,-1.32,,
10/21/09,23.22,0.00,,
10/22/09,23.25,0.13,,
10/23/09,22.86,-1.68,,
10/26/09,22.86,0.00,,
10/27/09,22.96,0.44,,
10/28/09,22.98,0.09,,
10/29/09,23.23,1.09,,
10/30/09,22.89,-1.46,,
11/2/09,23.07,0.79,,
11/3/09,22.81,-1.13,,
11/4/09,22.97,0.70,,
11/5/09,23.36,1.70,,
11/6/09,23.40,0.17,,
11/9/09,23.83,1.84,,
11/10/09,23.97,0.59,,
11/11/09,24.10,0.54,,
11/12/09,24.02,-0.33,,
11/13/09,24.25,0.96,,
11/16/09,24.37,0.49,,
11/17/09,24.42,0.21,,
11/18/09,24.30,-0.49,,
11/19/09,24.43,0.53,,
11/20/09,24.68,1.02,,
11/23/09,25.01,1.34,,
11/24/09,24.99,-0.08,,
11/25/09,24.95,-0.16,,
11/27/09,24.73,-0.88,,
11/30/09,24.74,0.04,,
12/1/09,25.12,1.54,,
12/2/09,25.07,-0.20,,
12/3/09,24.77,-1.20,,
12/4/09,24.86,0.36,,
12/7/09,25.03,0.68,,
12/8/09,24.95,-0.32,,
12/9/09,25.01,0.24,,
12/10/09,25.34,1.32,,
12/11/09,25.56,0.87,,
12/14/09,25.53,-0.12,,
12/15/09,25.54,0.04,,
12/16/09,25.27,-1.06,,
12/17/09,24.64,-2.49,,
12/18/09,24.62,-0.08,,
12/21/09,24.73,0.45,,
12/22/09,24.77,0.16,,
12/23/09,24.78,0.04,,
12/24/09,24.84,0.24,,
12/28/09,24.84,0.00,,
12/29/09,24.97,0.52,,
12/30/09,24.95,-0.08,,
12/31/09,24.65,-1.20,,
1/4/10,24.67,0.08,,
1/5/10,24.37,-1.22,,
1/6/10,24.36,-0.04,,
1/7/10,24.30,-0.25,,
1/8/10,23.85,-1.85,,
1/11/10,24.34,2.05,,
1/12/10,24.60,1.07,,
1/13/10,24.66,0.24,,
1/14/10,24.71,0.20,,
1/15/10,24.34,-1.50,,
1/19/10,24.40,0.25,,
1/20/10,24.00,-1.64,,
1/21/10,23.51,-2.04,,
1/22/10,23.46,-0.21,,
1/25/10,23.51,0.21,,
1/26/10,23.41,-0.43,,
1/27/10,23.57,0.68,,
1/28/10,23.43,-0.59,,
1/29/10,23.46,0.13,,
2/1/10,23.52,0.26,,
2/2/10,23.81,1.23,,
2/3/10,23.73,-0.34,,
2/4/10,23.11,-2.61,,
2/5/10,22.96,-0.65,,
2/8/10,22.77,-0.83,,
2/9/10,23.36,2.59,,
2/10/10,23.26,-0.43,,
2/11/10,23.45,0.82,,
2/12/10,23.35,-0.43,,
2/16/10,23.71,1.54,,
2/17/10,23.93,0.93,,
2/18/10,24.18,1.04,,
2/19/10,24.10,-0.33,,
2/22/10,23.95,-0.62,,
2/23/10,23.71,-1.00,,
2/24/10,23.86,0.63,,
2/25/10,22.97,-3.73,,
2/26/10,22.80,-0.74,,
3/1/10,23.04,1.05,,
3/2/10,23.05,0.04,,
3/3/10,23.32,1.17,,
3/4/10,23.56,1.03,,
3/5/10,23.66,0.42,,
3/8/10,23.55,-0.46,,
3/9/10,23.43,-0.51,,
3/10/10,23.44,0.04,,
3/11/10,23.37,-0.30,,
3/12/10,23.26,-0.47,,
3/15/10,23.39,0.56,,
3/16/10,23.41,0.09,,
3/17/10,23.48,0.30,,
3/18/10,23.52,0.17,,
3/19/10,23.87,1.49,,
3/22/10,23.78,-0.38,,
3/23/10,24.11,1.39,,
3/24/10,23.82,-1.20,,
3/25/10,23.89,0.29,,
3/26/10,23.83,-0.25,,
3/29/10,23.88,0.21,,
3/30/10,23.92,0.17,,
3/31/10,23.98,0.25,,
4/1/10,24.11,0.54,,
4/5/10,23.92,-0.79,,
4/6/10,23.67,-1.05,,
4/7/10,23.47,-0.84,,
4/8/10,23.44,-0.13,,
4/9/10,23.80,1.54,,
4/12/10,23.88,0.34,,
4/13/10,23.99,0.46,,
4/14/10,23.96,-0.13,,
4/15/10,23.66,-1.25,,
4/16/10,23.97,1.31,,
4/19/10,24.12,0.63,,
4/20/10,23.75,-1.53,,
4/21/10,23.63,-0.51,,
4/22/10,23.68,0.21,,
4/23/10,23.49,-0.80,,
4/26/10,23.43,-0.26,,
4/27/10,23.05,-1.62,,
4/28/10,23.27,0.95,,
4/29/10,23.43,0.69,,
4/30/10,23.31,-0.51,,
5/3/10,23.44,0.56,,
5/4/10,23.19,-1.07,,
5/5/10,23.40,0.91,,
5/6/10,22.80,-2.56,,
5/7/10,22.97,0.75,,
5/10/10,23.56,2.57,,
5/11/10,23.38,-0.76,,
5/12/10,23.55,0.73,,
5/13/10,23.32,-0.98,,
5/14/10,23.26,-0.26,,
5/17/10,23.29,0.13,,
5/18/10,23.15,-0.60,,
5/19/10,23.16,0.04,,
5/20/10,22.47,-2.98,,
5/21/10,22.49,0.09,,
5/24/10,22.44,-0.22,,
5/25/10,22.07,-1.65,,
5/26/10,21.84,-1.04,,
5/27/10,22.34,2.29,,
5/28/10,22.41,0.31,,
6/1/10,22.36,-0.22,,
6/2/10,22.85,2.19,,
6/3/10,23.00,0.66,,
6/4/10,22.36,-2.78,,
6/7/10,22.15,-0.94,,
6/8/10,22.48,1.49,,
6/9/10,22.39,-0.40,,
6/10/10,22.87,2.14,,
6/11/10,22.71,-0.70,,
6/14/10,22.65,-0.26,,
6/15/10,22.94,1.28,,
6/16/10,23.04,0.44,,
6/17/10,23.02,-0.09,,
6/18/10,23.00,-0.09,,
6/21/10,23.08,0.35,,
6/22/10,23.07,-0.04,,
6/23/10,22.97,-0.43,,
6/24/10,22.78,-0.83,,
6/25/10,22.10,-2.99,,
6/28/10,22.46,1.63,,
6/29/10,22.13,-1.47,,
6/30/10,22.04,-0.41,,
7/1/10,22.00,-0.18,,
7/2/10,22.01,0.05,,
7/6/10,22.17,0.73,,
7/7/10,22.63,2.07,,
7/8/10,23.05,1.86,,
7/9/10,23.04,-0.04,,
7/12/10,23.06,0.09,,
7/13/10,23.18,0.52,,
7/14/10,23.23,0.22,,
7/15/10,23.24,0.04,,
7/16/10,23.03,-0.90,,
7/19/10,22.98,-0.22,,
7/20/10,23.41,1.87,,
7/21/10,23.78,1.58,,
7/22/10,23.86,0.34,,
7/23/10,24.07,0.88,,
7/26/10,24.16,0.37,,
7/27/10,24.21,0.21,,
7/28/10,24.13,-0.33,,
7/29/10,24.18,0.21,,
7/30/10,24.23,0.21,,
8/2/10,24.80,2.35,,
8/3/10,24.79,-0.04,,
8/4/10,24.87,0.32,,
8/5/10,24.79,-0.32,,
8/6/10,24.95,0.65,,
8/9/10,25.11,0.64,,
8/10/10,25.05,-0.24,,
8/11/10,24.64,-1.64,,
8/12/10,24.49,-0.61,,
8/13/10,24.51,0.08,,
8/16/10,24.57,0.24,,
8/17/10,24.68,0.45,,
8/18/10,24.55,-0.53,,
8/19/10,24.31,-0.98,,
8/20/10,24.32,0.04,,
8/23/10,24.45,0.53,,
8/24/10,24.47,0.08,,
8/25/10,24.36,-0.45,,
8/26/10,24.25,-0.45,,
8/27/10,24.69,1.81,,
8/30/10,24.43,-1.05,,
8/31/10,24.57,0.57,,
9/1/10,25.20,2.56,,
9/2/10,25.23,0.12,,
9/3/10,25.31,0.32,,
9/7/10,25.34,0.12,,
9/8/10,25.43,0.36,,
9/9/10,25.63,0.79,,
9/10/10,25.73,0.39,,
9/13/10,25.71,-0.08,,
9/14/10,25.52,-0.74,,
9/15/10,25.44,-0.31,,
9/16/10,25.48,0.16,,
9/17/10,25.50,0.08,,
9/20/10,25.68,0.71,,
9/21/10,25.75,0.27,,
9/22/10,25.80,0.19,,
9/23/10,25.64,-0.62,,
9/24/10,25.97,1.29,,
9/27/10,25.96,-0.04,,
9/28/10,26.18,0.85,,
9/29/10,26.03,-0.57,,
9/30/10,25.93,-0.38,,
10/1/10,26.19,1.00,,
10/4/10,26.09,-0.38,,
10/5/10,26.43,1.30,,
10/6/10,26.49,0.23,,
10/7/10,26.33,-0.60,,
10/8/10,26.32,-0.04,,
10/11/10,26.39,0.27,,
10/12/10,26.41,0.08,,
10/13/10,26.56,0.57,,
10/14/10,26.54,-0.08,,
10/15/10,26.56,0.08,,
10/18/10,26.58,0.08,,
10/19/10,26.73,0.56,,
10/20/10,27.09,1.35,,
10/21/10,27.23,0.52,,
10/22/10,27.30,0.26,,
10/25/10,27.03,-0.99,,
10/26/10,27.13,0.37,,
10/27/10,27.11,-0.07,,
10/28/10,27.12,0.04,,
10/29/10,27.17,0.18,,
11/1/10,27.34,0.63,,
11/2/10,27.41,0.26,,
11/3/10,27.45,0.15,,
11/4/10,27.67,0.80,,
11/5/10,27.73,0.22,,
11/8/10,27.67,-0.22,,
11/9/10,27.75,0.29,,
11/10/10,27.71,-0.14,,
11/11/10,27.82,0.40,,
11/12/10,27.88,0.22,,
11/15/10,27.89,0.04,,
11/16/10,27.50,-1.40,,
11/17/10,27.70,0.73,,
11/18/10,28.28,2.09,,
11/19/10,28.50,0.78,,
11/22/10,28.47,-0.11,,
11/23/10,28.19,-0.98,,
11/24/10,28.63,1.56,,
11/26/10,28.40,-0.80,,
11/29/10,28.28,-0.42,,
11/30/10,28.18,-0.35,,
12/1/10,28.86,2.41,,
12/2/10,28.95,0.31,,
12/3/10,28.77,-0.62,,
12/6/10,28.55,-0.76,,
12/7/10,28.61,0.21,,
12/8/10,28.72,0.38,,
12/9/10,28.92,0.70,,
12/10/10,28.84,-0.28,,
12/13/10,28.93,0.31,,
12/14/10,28.51,-1.45,,
12/15/10,28.88,1.30,,
12/16/10,29.15,0.93,,
12/17/10,29.31,0.55,,
12/20/10,29.14,-0.58,,
12/21/10,29.22,0.27,,
12/22/10,29.26,0.14,,
12/23/10,29.26,0.00,,
12/27/10,29.03,-0.79,,
12/28/10,29.16,0.45,,
12/29/10,29.20,0.14,,
12/30/10,29.22,0.07,,
12/31/10,29.34,0.41,,
1/3/11,29.10,-0.82,,
1/4/11,28.49,-2.10,,
1/5/11,28.32,-0.60,,
1/6/11,28.12,-0.71,,
1/7/11,28.07,-0.18,,
1/10/11,28.13,0.21,,
1/11/11,27.97,-0.57,,
1/12/11,28.12,0.54,,
1/13/11,28.28,0.57,,
1/14/11,28.16,-0.42,,
1/18/11,28.32,0.57,,
1/19/11,28.29,-0.11,,
1/20/11,28.07,-0.78,,
1/21/11,28.00,-0.25,,
1/24/11,28.22,0.79,,
1/25/11,28.09,-0.46,,
1/26/11,28.09,0.00,,
1/27/11,27.97,-0.43,,
1/28/11,27.75,-0.79,,
1/31/11,28.04,1.05,,
2/1/11,28.13,0.32,,
2/2/11,28.04,-0.32,,
2/3/11,27.91,-0.46,,
2/4/11,27.91,0.00,,
2/7/11,27.89,-0.07,,
2/8/11,28.05,0.57,,
2/9/11,28.17,0.43,,
2/10/11,28.35,0.64,,
2/11/11,28.36,0.04,,
2/14/11,28.17,-0.67,,
2/15/11,28.19,0.07,,
2/16/11,28.28,0.32,,
2/17/11,28.80,1.84,,
2/18/11,28.80,0.00,,
2/22/11,28.44,-1.25,,
2/23/11,28.51,0.25,,
2/24/11,28.50,-0.04,,
2/25/11,28.69,0.67,,
2/28/11,28.52,-0.59,,
3/1/11,28.96,1.54,,
3/2/11,28.74,-0.76,,
3/3/11,29.25,1.77,,
3/4/11,29.09,-0.55,,
3/7/11,29.10,0.03,,
3/8/11,29.28,0.62,,
3/9/11,29.27,-0.03,,
3/10/11,29.13,-0.48,,
3/11/11,29.12,-0.03,,
3/14/11,28.73,-1.34,,
3/15/11,28.32,-1.43,,
3/16/11,27.68,-2.26,,
3/17/11,27.99,1.12,,
3/18/11,28.17,0.64,,
3/21/11,28.56,1.38,,
3/22/11,28.54,-0.07,,
3/23/11,28.88,1.19,,
3/24/11,29.07,0.66,,
3/25/11,29.31,0.83,,
3/28/11,29.22,-0.31,,
3/29/11,29.53,1.06,,
3/30/11,29.67,0.47,,
3/31/11,29.81,0.47,,
4/1/11,30.20,1.31,,
4/4/11,30.40,0.66,,
4/5/11,30.32,-0.26,,
4/6/11,30.39,0.23,,
4/7/11,30.30,-0.30,,
4/8/11,30.23,-0.23,,
4/11/11,30.29,0.20,,
4/12/11,30.06,-0.76,,
4/13/11,30.23,0.57,,
4/14/11,30.69,1.52,,
4/15/11,30.56,-0.42,,
4/18/11,30.25,-1.01,,
4/19/11,30.15,-0.33,,
4/20/11,30.49,1.13,,
4/21/11,30.50,0.03,,
4/25/11,30.44,-0.20,,
4/26/11,30.07,-1.22,,
4/27/11,30.11,0.13,,
4/28/11,30.29,0.60,,
4/29/11,30.31,0.07,,
5/2/11,30.43,0.40,,
5/3/11,30.50,0.23,,
5/4/11,30.31,-0.62,,
5/5/11,29.97,-1.12,,
5/6/11,30.06,0.30,,
5/9/11,30.08,0.07,,
5/10/11,30.26,0.60,,
5/11/11,30.25,-0.03,,
5/12/11,30.69,1.45,,
5/13/11,30.64,-0.16,,
5/16/11,30.48,-0.52,,
5/17/11,30.55,0.23,,
5/18/11,30.69,0.46,,
5/19/11,30.76,0.23,,
5/20/11,30.69,-0.23,,
5/23/11,30.33,-1.17,,
5/24/11,30.32,-0.03,,
5/25/11,30.07,-0.82,,
5/26/11,29.97,-0.33,,
5/27/11,29.89,-0.27,,
5/31/11,30.02,0.43,,
6/1/11,30.00,-0.07,,
6/2/11,29.67,-1.10,,
6/3/11,29.45,-0.74,,
6/6/11,29.40,-0.17,,
6/7/11,29.30,-0.34,,
6/8/11,29.39,0.31,,
6/9/11,29.61,0.75,,
6/10/11,29.38,-0.78,,
6/13/11,29.47,0.31,,
6/14/11,29.69,0.75,,
6/15/11,29.41,-0.94,,
6/16/11,29.64,0.78,,
6/17/11,29.70,0.20,,
6/20/11,29.79,0.30,,
6/21/11,29.99,0.67,,
6/22/11,30.05,0.20,,
6/23/11,29.41,-2.13,,
6/24/11,29.39,-0.07,,
6/27/11,29.51,0.41,,
6/28/11,29.88,1.25,,
6/29/11,30.19,1.04,,
6/30/11,30.46,0.89,,
7/1/11,30.82,1.18,,
7/5/11,30.91,0.29,,
7/6/11,31.02,0.36,,
7/7/11,31.12,0.32,,
7/8/11,31.08,-0.13,,
7/11/11,30.82,-0.84,,
7/12/11,30.71,-0.36,,
7/13/11,30.80,0.29,,
7/14/11,30.63,-0.55,,
7/15/11,30.56,-0.23,,
7/18/11,30.38,-0.59,,
7/19/11,31.37,3.26,,
7/20/11,31.17,-0.64,,
7/21/11,31.38,0.67,,
7/22/11,31.56,0.57,,
7/25/11,31.35,-0.67,,
7/26/11,31.32,-0.10,,
7/27/11,31.09,-0.73,,
7/28/11,31.14,0.16,,
7/29/11,30.78,-1.16,,
8/1/11,30.65,-0.42,,
8/2/11,30.36,-0.95,,
8/3/11,30.96,1.98,,
8/4/11,29.79,-3.78,,
8/5/11,30.22,1.44,,
8/8/11,29.47,-2.48,,
8/9/11,30.18,2.41,,
8/10/11,28.95,-4.08,,
8/11/11,30.08,3.90,,
8/12/11,30.39,1.03,,
8/15/11,30.87,1.58,,
8/16/11,30.85,-0.06,,
8/17/11,31.36,1.65,,
8/18/11,30.67,-2.20,,
8/19/11,30.37,-0.98,,
8/22/11,30.45,0.26,,
8/23/11,31.26,2.66,,
8/24/11,31.54,0.90,,
8/25/11,30.76,-2.47,,
8/26/11,31.00,0.78,,
8/29/11,31.56,1.81,,
8/30/11,31.62,0.19,,
8/31/11,31.89,0.85,,
9/1/11,31.89,0.00,,
9/2/11,31.56,-1.03,,
9/6/11,31.42,-0.44,,
9/7/11,32.04,1.97,,
9/8/11,32.21,0.53,,
9/9/11,31.40,-2.51,,
9/12/11,31.40,0.00,,
9/13/11,31.49,0.29,,
9/14/11,31.79,0.95,,
9/15/11,32.36,1.79,,
9/16/11,32.46,0.31,,
9/19/11,32.12,-1.05,,
9/20/11,32.19,0.22,,
9/21/11,31.57,-1.93,,
9/22/11,30.90,-2.12,,
9/23/11,30.72,-0.58,,
9/26/11,31.33,1.99,,
9/27/11,31.70,1.18,,
9/28/11,31.01,-2.18,,
9/29/11,31.46,1.45,,
9/30/11,30.79,-2.13,,
10/3/11,29.81,-3.18,,
10/4/11,29.72,-0.30,,
10/5/11,29.86,0.47,,
10/6/11,29.80,-0.20,,
10/7/11,30.03,0.77,,
10/10/11,30.49,1.53,,
10/11/11,30.44,-0.16,,
10/12/11,30.75,1.02,,
10/13/11,30.71,-0.13,,
10/14/11,30.92,0.68,,
10/17/11,30.53,-1.26,,
10/18/11,30.41,-0.39,,
10/19/11,30.54,0.43,,
10/20/11,30.59,0.16,,
10/21/11,31.07,1.57,,
10/24/11,30.93,-0.45,,
10/25/11,30.51,-1.36,,
10/26/11,30.74,0.75,,
10/27/11,31.25,1.66,,
10/28/11,31.41,0.51,,
10/31/11,31.13,-0.89,,
11/1/11,30.55,-1.86,,
11/2/11,30.88,1.08,,
11/3/11,31.28,1.30,,
11/4/11,30.89,-1.25,,
11/7/11,31.08,0.62,,
11/8/11,31.28,0.64,,
11/9/11,30.54,-2.37,,
11/10/11,30.71,0.56,,
11/11/11,31.04,1.07,,
11/14/11,30.89,-0.48,,
11/15/11,30.99,0.32,,
11/16/11,30.54,-1.45,,
11/17/11,30.36,-0.59,,
11/18/11,30.71,1.15,,
11/21/11,30.05,-2.15,,
11/22/11,30.06,0.03,,
11/23/11,29.56,-1.66,,
11/25/11,29.50,-0.20,,
11/28/11,29.70,0.68,,
11/29/11,30.38,2.29,,
11/30/11,30.86,1.58,,
12/1/11,30.67,-0.62,,
12/2/11,30.47,-0.65,,
12/5/11,30.44,-0.10,,
12/6/11,30.61,0.56,,
12/7/11,30.65,0.13,,
12/8/11,30.63,-0.07,,
12/9/11,31.01,1.24,,
12/12/11,30.70,-1.00,,
12/13/11,30.51,-0.62,,
12/14/11,30.41,-0.33,,
12/15/11,30.70,0.95,,
12/16/11,30.95,0.81,,
12/19/11,30.92,-0.10,,
12/20/11,31.40,1.55,,
12/21/11,31.93,1.69,,
12/22/11,31.76,-0.53,,
12/23/11,32.10,1.07,,
12/27/11,32.07,-0.09,,
12/28/11,31.90,-0.53,,
12/29/11,32.20,0.94,,
12/30/11,32.12,-0.25,,
1/3/12,32.19,0.22,,
1/4/12,31.99,-0.62,,
1/5/12,31.84,-0.47,,
1/6/12,31.64,-0.63,,
1/9/12,31.64,0.00,,
1/10/12,31.83,0.60,,
1/11/12,31.24,-1.85,,
1/12/12,31.01,-0.74,,
1/13/12,30.75,-0.84,,
1/17/12,30.91,0.52,,
1/18/12,31.02,0.36,,
1/19/12,30.96,-0.19,,
1/20/12,31.25,0.94,,
1/23/12,31.45,0.64,,
1/24/12,31.17,-0.89,,
1/25/12,31.41,0.77,,
1/26/12,31.22,-0.60,,
1/27/12,30.95,-0.86,,
1/30/12,30.96,0.03,,
1/31/12,31.00,0.13,,
2/1/12,31.14,0.45,,
2/2/12,31.13,-0.03,,
2/3/12,31.25,0.39,,
2/6/12,31.23,-0.06,,
2/7/12,31.46,0.74,,
2/8/12,31.36,-0.32,,
2/9/12,31.20,-0.51,,
2/10/12,31.18,-0.06,,
2/13/12,31.41,0.74,,
2/14/12,31.62,0.67,,
2/15/12,31.40,-0.70,,
2/16/12,31.61,0.67,,
2/17/12,31.69,0.25,,
2/21/12,31.59,-0.32,,
2/22/12,31.79,0.63,,
2/23/12,31.75,-0.13,,
2/24/12,31.67,-0.25,,
2/27/12,31.59,-0.25,,
2/28/12,31.60,0.03,,
2/29/12,32.07,1.49,,
3/1/12,31.95,-0.37,,
3/2/12,31.75,-0.63,,
3/5/12,31.78,0.09,,
3/6/12,31.56,-0.69,,
3/7/12,31.57,0.03,,
3/8/12,31.79,0.70,,
3/9/12,31.90,0.35,,
3/12/12,32.20,0.94,,
3/13/12,32.48,0.87,,
3/14/12,32.47,-0.03,,
3/15/12,32.52,0.15,,
3/16/12,32.44,-0.25,,
3/19/12,32.55,0.34,,
3/20/12,32.64,0.28,,
3/21/12,32.88,0.74,,
3/22/12,33.02,0.43,,
3/23/12,33.05,0.09,,
3/26/12,33.24,0.57,,
3/27/12,33.23,-0.03,,
3/28/12,33.59,1.08,,
3/29/12,34.13,1.61,,
3/30/12,34.22,0.26,,
4/2/12,34.28,0.18,,
4/3/12,34.10,-0.53,,
4/4/12,33.96,-0.41,,
4/5/12,33.97,0.03,,
4/9/12,33.69,-0.82,,
4/10/12,33.30,-1.16,,
4/11/12,33.34,0.12,,
4/12/12,33.39,0.15,,
4/13/12,33.26,-0.39,,
4/16/12,33.49,0.69,,
4/17/12,34.19,2.09,,
4/18/12,34.29,0.29,,
4/19/12,34.13,-0.47,,
4/20/12,34.27,0.41,,
4/23/12,34.07,-0.58,,
4/24/12,34.27,0.59,,
4/25/12,34.64,1.08,,
4/26/12,35.00,1.04,,
4/27/12,35.43,1.23,,
4/30/12,35.29,-0.40,,
5/1/12,35.57,0.79,,
5/2/12,35.68,0.31,,
5/3/12,35.80,0.34,,
5/4/12,35.60,-0.56,,
5/7/12,35.73,0.37,,
5/8/12,35.67,-0.17,,
5/9/12,35.50,-0.48,,
5/10/12,35.79,0.82,,
5/11/12,35.82,0.08,,
5/14/12,35.54,-0.78,,
5/15/12,35.40,-0.39,,
5/16/12,35.29,-0.31,,
5/17/12,34.73,-1.59,,
5/18/12,34.24,-1.41,,
5/21/12,34.45,0.61,,
5/22/12,34.30,-0.44,,
5/23/12,34.47,0.50,,
5/24/12,34.94,1.36,,
5/25/12,34.78,-0.46,,
5/29/12,34.89,0.32,,
5/30/12,34.70,-0.54,,
5/31/12,34.55,-0.43,,
6/1/12,33.79,-2.20,,
6/4/12,34.05,0.77,,
6/5/12,33.86,-0.56,,
6/6/12,34.50,1.89,,
6/7/12,34.34,-0.46,,
6/8/12,34.79,1.31,,
6/11/12,34.52,-0.78,,
6/12/12,34.77,0.72,,
6/13/12,34.77,0.00,,
6/14/12,35.26,1.41,,
6/15/12,35.42,0.45,,
6/18/12,35.37,-0.14,,
6/19/12,35.26,-0.31,,
6/20/12,35.17,-0.26,,
6/21/12,34.76,-1.17,,
6/22/12,34.89,0.37,,
6/25/12,34.81,-0.23,,
6/26/12,34.95,0.40,,
6/27/12,35.54,1.69,,
6/28/12,35.64,0.28,,
6/29/12,36.40,2.13,,
7/2/12,36.74,0.93,,
7/3/12,36.85,0.30,,
7/5/12,36.52,-0.90,,
7/6/12,36.38,-0.38,,
7/9/12,36.30,-0.22,,
7/10/12,36.30,0.00,,
7/11/12,36.06,-0.66,,
7/12/12,35.68,-1.05,,
7/13/12,35.97,0.81,,
7/16/12,35.60,-1.03,,
7/17/12,36.17,1.60,,
7/18/12,36.05,-0.33,,
7/19/12,36.10,0.14,,
7/20/12,35.86,-0.66,,
7/23/12,35.79,-0.20,,
7/24/12,35.69,-0.28,,
7/25/12,35.85,0.45,,
7/26/12,36.71,2.40,,
7/27/12,37.25,1.47,,
7/30/12,37.76,1.37,,
7/31/12,37.61,-0.40,,
8/1/12,37.71,0.27,,
8/2/12,37.12,-1.56,,
8/3/12,37.63,1.37,,
8/6/12,37.54,-0.24,,
8/7/12,37.13,-1.09,,
8/8/12,37.04,-0.24,,
8/9/12,36.89,-0.40,,
8/10/12,36.68,-0.57,,
8/13/12,36.59,-0.25,,
8/14/12,36.66,0.19,,
8/15/12,36.64,-0.05,,
8/16/12,36.82,0.49,,
8/17/12,36.80,-0.05,,
8/20/12,36.75,-0.14,,
8/21/12,36.55,-0.54,,
8/22/12,36.10,-1.23,,
8/23/12,35.48,-1.72,,
8/24/12,35.82,0.96,,
8/27/12,35.54,-0.78,,
8/28/12,35.38,-0.45,,
8/29/12,34.88,-1.41,,
8/30/12,34.58,-0.86,,
8/31/12,34.82,0.69,,
9/4/12,34.71,-0.32,,
9/5/12,34.92,0.61,,
9/6/12,35.52,1.72,,
9/7/12,35.29,-0.65,,
9/10/12,35.06,-0.65,,
9/11/12,35.16,0.29,,
9/12/12,35.20,0.11,,
9/13/12,35.95,2.13,,
9/14/12,35.73,-0.61,,
9/17/12,35.95,0.62,,
9/18/12,36.20,0.70,,
9/19/12,36.11,-0.25,,
9/20/12,36.22,0.30,,
9/21/12,35.65,-1.57,,
9/24/12,35.73,0.22,,
9/25/12,35.32,-1.15,,
9/26/12,35.39,0.20,,
9/27/12,35.91,1.47,,
9/28/12,35.55,-1.00,,
10/1/12,35.98,1.21,,
10/2/12,35.94,-0.11,,
10/3/12,35.84,-0.28,,
10/4/12,35.93,0.25,,
10/5/12,36.16,0.64,,
10/8/12,36.16,0.00,,
10/9/12,36.14,-0.06,,
10/10/12,35.70,-1.22,,
10/11/12,35.72,0.06,,
10/12/12,35.83,0.31,,
10/15/12,35.74,-0.25,,
10/16/12,35.53,-0.59,,
10/17/12,35.38,-0.42,,
10/18/12,35.47,0.25,,
10/19/12,35.06,-1.16,,
10/22/12,34.90,-0.46,,
10/23/12,34.32,-1.66,,
10/24/12,34.57,0.73,,
10/25/12,34.77,0.58,,
10/26/12,34.72,-0.14,,
10/31/12,34.85,0.37,,
11/1/12,34.99,0.40,,
11/2/12,34.76,-0.66,,
11/5/12,34.47,-0.83,,
11/6/12,35.08,1.77,,
11/7/12,34.42,-1.88,,
11/8/12,34.08,-0.99,,
11/9/12,34.02,-0.18,,
11/12/12,33.82,-0.59,,
11/13/12,33.89,0.21,,
11/14/12,33.75,-0.41,,
11/15/12,34.15,1.19,,
11/16/12,34.27,0.35,,
11/19/12,34.91,1.87,,
11/20/12,34.92,0.03,,
11/21/12,35.05,0.37,,
11/23/12,35.55,1.43,,
11/26/12,35.02,-1.49,,
11/27/12,35.08,0.17,,
11/28/12,35.45,1.05,,
11/29/12,35.84,1.10,,
11/30/12,35.79,-0.14,,
12/3/12,35.28,-1.42,,
12/4/12,35.06,-0.62,,
12/5/12,35.21,0.43,,
12/6/12,35.28,0.20,,
12/7/12,35.59,0.88,,
12/10/12,35.52,-0.20,,
12/11/12,35.73,0.59,,
12/12/12,35.52,-0.59,,
12/13/12,35.49,-0.08,,
12/14/12,35.54,0.14,,
12/17/12,35.39,-0.42,,
12/18/12,35.18,-0.59,,
12/19/12,34.71,-1.34,,
12/20/12,34.97,0.75,,
12/21/12,34.82,-0.43,,
12/24/12,34.67,-0.43,,
12/26/12,34.37,-0.87,,
12/27/12,34.37,0.00,,
12/28/12,33.95,-1.22,,
12/31/12,34.21,0.77,,
1/2/13,35.49,3.74,,
1/3/13,35.49,0.00,,
1/4/13,35.54,0.14,,
1/7/13,35.20,-0.96,,
1/8/13,34.96,-0.68,,
1/9/13,34.95,-0.03,,
1/10/13,34.88,-0.20,,
1/11/13,34.84,-0.11,,
1/14/13,34.91,0.20,,
1/15/13,35.22,0.89,,
1/16/13,35.22,0.00,,
1/17/13,35.40,0.51,,
1/18/13,35.58,0.51,,
1/22/13,35.04,-1.52,,
1/23/13,35.04,0.00,,
1/24/13,35.02,-0.06,,
1/25/13,34.97,-0.14,,
1/28/13,34.93,-0.11,,
1/29/13,35.32,1.12,,
1/30/13,35.39,0.20,,
1/31/13,35.15,-0.68,,
2/1/13,35.43,0.80,,
2/4/13,35.25,-0.51,,
2/5/13,36.00,2.13,,
2/6/13,36.16,0.44,,
2/7/13,36.72,1.55,,
2/8/13,36.59,-0.35,,
2/11/13,36.44,-0.41,,
2/12/13,35.45,-2.72,,
2/13/13,35.12,-0.93,,
2/14/13,34.77,-1.00,,
2/15/13,35.32,1.58,,
2/19/13,35.55,0.65,,
2/20/13,35.61,0.17,,
2/21/13,35.59,-0.06,,
2/22/13,36.35,2.14,,
2/25/13,35.60,-2.06,,
2/26/13,35.97,1.04,,
2/27/13,36.29,0.89,,
2/28/13,36.54,0.69,,
3/1/13,36.52,-0.05,,
3/4/13,36.64,0.33,,
3/5/13,36.51,-0.35,,
3/6/13,36.83,0.88,,
3/7/13,36.92,0.24,,
3/8/13,37.02,0.27,,
3/11/13,37.10,0.22,,
3/12/13,36.77,-0.89,,
3/13/13,36.68,-0.24,,
3/14/13,37.09,1.12,,
3/15/13,36.91,-0.49,,
3/18/13,36.85,-0.16,,
3/19/13,37.39,1.47,,
3/20/13,37.90,1.36,,
3/21/13,38.09,0.50,,
3/22/13,38.06,-0.08,,
3/25/13,38.14,0.21,,
3/26/13,38.68,1.42,,
3/27/13,38.23,-1.16,,
3/28/13,38.44,0.55,,
4/1/13,38.45,0.03,,
4/2/13,38.71,0.68,,
4/3/13,38.19,-1.34,,
4/4/13,38.54,0.92,,
4/5/13,38.10,-1.14,,
4/8/13,38.84,1.94,,
4/9/13,38.70,-0.36,,
4/10/13,39.04,0.88,,
4/11/13,39.15,0.28,,
4/12/13,39.05,-0.26,,
4/15/13,38.11,-2.41,,
4/16/13,40.28,5.69,,
4/17/13,40.45,0.42,,
4/18/13,40.02,-1.06,,
4/19/13,40.55,1.32,,
4/22/13,40.61,0.15,,
4/23/13,40.59,-0.05,,
4/24/13,40.07,-1.28,,
4/25/13,40.26,0.47,,
4/26/13,40.02,-0.60,,
4/29/13,40.15,0.32,,
4/30/13,40.24,0.22,,
5/1/13,40.13,-0.27,,
5/2/13,39.89,-0.60,,
5/3/13,40.15,0.65,,
5/6/13,40.00,-0.37,,
5/7/13,40.59,1.48,,
5/8/13,40.36,-0.57,,
5/9/13,40.04,-0.79,,
5/10/13,40.07,0.07,,
5/13/13,40.11,0.10,,
5/14/13,40.42,0.77,,
5/15/13,40.80,0.94,,
5/16/13,40.96,0.39,,
5/17/13,40.85,-0.27,,
5/20/13,40.29,-1.37,,
5/21/13,40.25,-0.10,,
5/22/13,40.16,-0.22,,
5/23/13,39.86,-0.75,,
5/24/13,40.15,0.73,,
5/28/13,40.45,0.75,,
5/29/13,39.36,-2.69,,
5/30/13,38.76,-1.52,,
5/31/13,38.02,-1.91,,
6/3/13,38.79,2.03,,
6/4/13,39.37,1.50,,
6/5/13,38.64,-1.85,,
6/6/13,38.78,0.36,,
6/7/13,39.36,1.50,,
6/10/13,39.15,-0.53,,
6/11/13,38.78,-0.95,,
6/12/13,38.66,-0.31,,
6/13/13,38.68,0.05,,
6/14/13,38.61,-0.18,,
6/17/13,38.94,0.85,,
6/18/13,39.18,0.62,,
6/19/13,38.68,-1.28,,
6/20/13,37.45,-3.18,,
6/21/13,38.06,1.63,,
6/24/13,37.84,-0.58,,
6/25/13,38.02,0.48,,
6/26/13,38.60,1.53,,
6/27/13,38.54,-0.16,,
6/28/13,38.39,-0.39,,
7/1/13,38.73,0.89,,
7/2/13,38.64,-0.23,,
7/3/13,38.76,0.31,,
7/5/13,38.79,0.08,,
7/8/13,38.80,0.03,,
7/9/13,39.08,0.72,,
7/10/13,38.94,-0.36,,
7/11/13,39.27,0.85,,
7/12/13,39.27,0.00,,
7/15/13,39.25,-0.05,,
7/16/13,38.51,-1.89,,
7/17/13,39.09,1.51,,
7/18/13,39.06,-0.08,,
7/19/13,39.33,0.69,,
7/22/13,39.09,-0.61,,
7/23/13,39.21,0.31,,
7/24/13,39.11,-0.26,,
7/25/13,39.09,-0.05,,
7/26/13,38.90,-0.49,,
7/29/13,38.56,-0.87,,
7/30/13,38.59,0.08,,
7/31/13,38.36,-0.60,,
8/1/13,38.83,1.23,,
8/2/13,38.50,-0.85,,
8/5/13,38.56,0.16,,
8/6/13,38.64,0.21,,
8/7/13,38.43,-0.54,,
8/8/13,38.48,0.13,,
8/9/13,38.44,-0.10,,
8/12/13,38.12,-0.83,,
8/13/13,37.95,-0.45,,
8/14/13,37.84,-0.29,,
8/15/13,37.42,-1.11,,
8/16/13,37.38,-0.11,,
8/19/13,37.12,-0.70,,
8/20/13,37.00,-0.32,,
8/21/13,36.64,-0.97,,
8/22/13,36.67,0.08,,
8/23/13,36.87,0.55,,
8/26/13,36.49,-1.03,,
8/27/13,36.52,0.08,,
8/28/13,36.71,0.52,,
8/29/13,36.47,-0.65,,
8/30/13,36.55,0.22,,
9/3/13,36.28,-0.74,,
9/4/13,36.89,1.68,,
9/5/13,36.60,-0.79,,
9/6/13,36.71,0.30,,
9/9/13,36.87,0.44,,
9/10/13,36.98,0.30,,
9/11/13,37.12,0.38,,
9/12/13,37.06,-0.16,,
9/13/13,37.30,0.65,,
9/16/13,37.47,0.46,,
9/17/13,37.40,-0.19,,
9/18/13,38.17,2.06,,
9/19/13,37.90,-0.71,,
9/20/13,37.99,0.24,,
9/23/13,37.24,-1.97,,
9/24/13,37.15,-0.24,,
9/25/13,36.96,-0.51,,
9/26/13,37.35,1.06,,
9/27/13,37.02,-0.88,,
9/30/13,36.52,-1.35,,
10/1/13,36.59,0.19,,
10/2/13,36.09,-1.37,,
10/3/13,35.83,-0.72,,
10/4/13,35.87,0.11,,
10/7/13,35.72,-0.42,,
10/8/13,35.94,0.62,,
10/9/13,35.75,-0.53,,
10/10/13,36.43,1.90,,
10/11/13,36.42,-0.03,,
10/14/13,36.55,0.36,,
10/15/13,36.31,-0.66,,
10/16/13,36.64,0.91,,
10/17/13,37.17,1.45,,
10/18/13,37.39,0.59,,
10/21/13,37.43,0.11,,
10/22/13,37.69,0.69,,
10/23/13,37.69,0.00,,
10/24/13,37.41,-0.74,,
10/25/13,37.63,0.59,,
10/28/13,38.19,1.49,,
10/29/13,38.37,0.47,,
10/30/13,38.20,-0.44,,
10/31/13,38.15,-0.13,,
11/1/13,38.19,0.10,,
11/4/13,38.09,-0.26,,
11/5/13,38.08,-0.03,,
11/6/13,38.61,1.39,,
11/7/13,38.40,-0.54,,
11/8/13,38.61,0.55,,
11/11/13,38.44,-0.44,,
11/12/13,38.45,0.03,,
11/13/13,38.68,0.60,,
11/14/13,38.77,0.23,,
11/15/13,38.78,0.03,,
11/18/13,38.73,-0.13,,
11/19/13,38.70,-0.08,,
11/20/13,38.62,-0.21,,
11/21/13,38.98,0.93,,
11/22/13,38.98,0.00,,
11/25/13,38.92,-0.15,,
11/26/13,38.81,-0.28,,
11/27/13,39.02,0.54,,
11/29/13,39.02,0.00,,
12/2/13,38.91,-0.28,,
12/3/13,39.18,0.69,,
12/4/13,39.20,0.05,,
12/5/13,38.67,-1.35,,
12/6/13,39.28,1.58,,
12/9/13,39.22,-0.15,,
12/10/13,38.69,-1.35,,
12/11/13,38.96,0.70,,
12/12/13,38.07,-2.28,,
12/13/13,38.09,0.05,,
12/16/13,38.13,0.11,,
12/17/13,37.96,-0.45,,
12/18/13,38.86,2.37,,
12/19/13,38.70,-0.41,,
12/20/13,38.87,0.44,,
12/23/13,38.99,0.31,,
12/24/13,39.02,0.08,,
12/26/13,39.31,0.74,,
12/27/13,39.48,0.43,,
12/30/13,39.89,1.04,,
12/31/13,40.11,0.55,,
1/2/14,39.48,-1.57,,
1/3/14,39.28,-0.51,,
1/6/14,39.10,-0.46,,
1/7/14,39.21,0.28,,
1/8/14,38.78,-1.10,,
1/9/14,38.57,-0.54,,
1/10/14,38.96,1.01,,
1/13/14,38.38,-1.49,,
1/14/14,38.54,0.42,,
1/15/14,38.60,0.16,,
1/16/14,38.55,-0.13,,
1/17/14,38.14,-1.06,,
1/21/14,38.76,1.63,,
1/22/14,38.74,-0.05,,
1/23/14,38.10,-1.65,,
1/24/14,37.71,-1.02,,
1/27/14,37.60,-0.29,,
1/28/14,37.74,0.37,,
1/29/14,36.80,-2.49,,
1/30/14,37.06,0.71,,
1/31/14,36.72,-0.92,,
2/3/14,36.12,-1.63,,
2/4/14,36.39,0.75,,
2/5/14,36.52,0.36,,
2/6/14,36.92,1.10,,
2/7/14,36.85,-0.19,,
2/10/14,37.45,1.63,,
2/11/14,37.52,0.19,,
2/12/14,37.39,-0.35,,
2/13/14,37.53,0.37,,
2/14/14,37.80,0.72,,
2/18/14,36.38,-3.76,,
2/19/14,36.02,-0.99,,
2/20/14,36.21,0.53,,
2/21/14,36.10,-0.30,,
2/24/14,36.41,0.86,,
2/25/14,36.67,0.71,,
2/26/14,36.77,0.27,,
2/27/14,36.96,0.52,,
2/28/14,37.09,0.35,,
3/3/14,37.01,-0.22,,
3/4/14,37.20,0.51,,
3/5/14,37.23,0.08,,
3/6/14,37.35,0.32,,
3/7/14,37.43,0.21,,
3/10/14,37.53,0.27,,
3/11/14,37.67,0.37,,
3/12/14,37.65,-0.05,,
3/13/14,37.16,-1.30,,
3/14/14,37.35,0.51,,
3/17/14,37.45,0.27,,
3/18/14,37.58,0.35,,
3/19/14,37.32,-0.69,,
3/20/14,37.63,0.83,,
3/21/14,37.62,-0.03,,
3/24/14,37.58,-0.11,,
3/25/14,37.79,0.56,,
3/26/14,37.78,-0.03,,
3/27/14,37.99,0.56,,
3/28/14,38.12,0.34,,
3/31/14,37.83,-0.76,,
4/1/14,37.59,-0.63,,
4/2/14,37.51,-0.21,,
4/3/14,37.26,-0.67,,
4/4/14,37.40,0.38,,
4/7/14,37.79,1.04,,
4/8/14,38.07,0.74,,
4/9/14,38.16,0.24,,
4/10/14,38.06,-0.26,,
4/11/14,37.80,-0.68,,
4/14/14,37.90,0.26,,
4/15/14,39.32,3.75,,
4/16/14,39.72,1.02,,
4/17/14,39.85,0.33,,
4/21/14,39.88,0.08,,
4/22/14,39.84,-0.10,,
4/23/14,39.86,0.05,,
4/24/14,39.83,-0.08,,
4/25/14,40.13,0.75,,
4/28/14,40.15,0.05,,
4/29/14,39.70,-1.12,,
4/30/14,39.92,0.55,,
5/1/14,39.91,-0.03,,
5/2/14,40.07,0.40,,
5/5/14,39.89,-0.45,,
5/6/14,39.62,-0.68,,
5/7/14,40.03,1.03,,
5/8/14,39.86,-0.42,,
5/9/14,40.00,0.35,,
5/12/14,39.95,-0.12,,
5/13/14,40.23,0.70,,
5/14/14,40.01,-0.55,,
5/15/14,39.65,-0.90,,
5/16/14,40.01,0.91,,
5/19/14,39.84,-0.42,,
5/20/14,39.71,-0.33,,
5/21/14,40.00,0.73,,
5/22/14,39.71,-0.72,,
5/23/14,39.71,0.00,,
5/27/14,39.90,0.48,,
5/28/14,39.71,-0.48,,
5/29/14,39.79,0.20,,
5/30/14,40.03,0.60,,
6/2/14,39.99,-0.10,,
6/3/14,40.00,0.03,,
6/4/14,39.92,-0.20,,
6/5/14,40.01,0.23,,
6/6/14,40.11,0.25,,
6/9/14,40.03,-0.20,,
6/10/14,40.19,0.40,,
6/11/14,39.99,-0.50,,
6/12/14,39.85,-0.35,,
6/13/14,39.80,-0.13,,
6/16/14,40.09,0.73,,
6/17/14,40.35,0.65,,
6/18/14,40.98,1.56,,
6/19/14,41.20,0.54,,
6/20/14,41.10,-0.24,,
6/23/14,41.14,0.10,,
6/24/14,41.26,0.29,,
6/25/14,41.37,0.27,,
6/26/14,41.44,0.17,,
6/27/14,41.60,0.39,,
6/30/14,41.76,0.38,,
7/1/14,41.70,-0.14,,
7/2/14,41.70,0.00,,
7/3/14,41.64,-0.14,,
7/7/14,41.55,-0.22,,
7/8/14,41.35,-0.48,,
7/9/14,41.36,0.02,,
7/10/14,41.67,0.75,,
7/11/14,41.38,-0.70,,
7/14/14,41.78,0.97,,
7/15/14,41.51,-0.65,,
7/16/14,41.53,0.05,,
7/17/14,41.43,-0.24,,
7/18/14,41.83,0.97,,
7/21/14,41.80,-0.07,,
7/22/14,40.61,-2.85,,
7/23/14,40.24,-0.91,,
7/24/14,40.39,0.37,,
7/25/14,40.42,0.07,,
7/28/14,40.11,-0.77,,
7/29/14,39.78,-0.82,,
7/30/14,39.06,-1.81,,
7/31/14,38.74,-0.82,,
8/1/14,38.74,0.00,,
8/4/14,38.85,0.28,,
8/5/14,38.63,-0.57,,
8/6/14,39.36,1.89,,
8/7/14,38.80,-1.42,,
8/8/14,38.90,0.26,,
8/11/14,39.01,0.28,,
8/12/14,39.12,0.28,,
8/13/14,39.38,0.66,,
8/14/14,39.62,0.61,,
8/15/14,40.31,1.74,,
8/18/14,40.77,1.14,,
8/19/14,40.68,-0.22,,
8/20/14,40.67,-0.02,,
8/21/14,40.83,0.39,,
8/22/14,40.54,-0.71,,
8/25/14,40.83,0.72,,
8/26/14,41.02,0.47,,
8/27/14,41.02,0.00,,
8/28/14,41.05,0.07,,
8/29/14,41.13,0.19,,
9/2/14,41.06,-0.17,,
9/3/14,41.19,0.32,,
9/4/14,41.28,0.22,,
9/5/14,41.25,-0.07,,
9/8/14,41.19,-0.15,,
9/9/14,41.35,0.39,,
9/10/14,41.58,0.56,,
9/11/14,41.66,0.19,,
9/12/14,41.18,-1.15,,
9/15/14,41.22,0.10,,
9/16/14,41.35,0.32,,
9/17/14,41.32,-0.07,,
9/18/14,41.50,0.44,,
9/19/14,41.76,0.63,,
9/22/14,41.93,0.41,,
9/23/14,41.60,-0.79,,
9/24/14,41.98,0.91,,
9/25/14,41.49,-1.17,,
9/26/14,41.91,1.01,,
9/29/14,41.96,0.12,,
9/30/14,42.37,0.98,,
10/1/14,42.45,0.19,,
10/2/14,42.37,-0.19,,
10/3/14,42.70,0.78,,
10/6/14,43.30,1.41,,
10/7/14,43.62,0.74,,
10/8/14,44.24,1.42,,
10/9/14,43.57,-1.51,,
10/10/14,44.16,1.35,,
10/13/14,43.77,-0.88,,
10/14/14,43.34,-0.98,,
10/15/14,42.93,-0.95,,
10/16/14,42.27,-1.54,,
10/17/14,42.59,0.76,,
10/20/14,42.99,0.94,,
10/21/14,40.40,-6.02,,
10/22/14,40.34,-0.15,,
10/23/14,40.58,0.59,,
10/24/14,40.75,0.42,,
10/27/14,40.48,-0.66,,
10/28/14,40.28,-0.49,,
10/29/14,40.68,0.99,,
10/30/14,41.12,1.08,,
10/31/14,41.59,1.14,,
11/3/14,41.52,-0.17,,
11/4/14,41.53,0.02,,
11/5/14,42.02,1.18,,
11/6/14,42.00,-0.05,,
11/7/14,42.03,0.07,,
11/10/14,42.10,0.17,,
11/11/14,42.22,0.29,,
11/12/14,42.42,0.47,,
11/13/14,42.50,0.19,,
11/14/14,42.44,-0.14,,
11/17/14,42.63,0.45,,
11/18/14,43.23,1.41,,
11/19/14,43.92,1.60,,
11/20/14,43.95,0.07,,
11/21/14,44.19,0.55,,
11/24/14,43.97,-0.50,,
11/25/14,44.13,0.36,,
11/26/14,44.29,0.36,,
11/28/14,44.83,1.22,,
12/1/14,44.55,-0.62,,
12/2/14,44.54,-0.02,,
12/3/14,43.80,-1.66,,
12/4/14,43.50,-0.68,,
12/5/14,43.53,0.07,,
12/8/14,43.14,-0.90,,
12/9/14,42.04,-2.55,,
12/10/14,41.60,-1.05,,
12/11/14,41.53,-0.17,,
12/12/14,40.91,-1.49,,
12/15/14,40.57,-0.83,,
12/16/14,40.39,-0.44,,
12/17/14,41.55,2.87,,
12/18/14,42.39,2.02,,
12/19/14,41.95,-1.04,,
12/22/14,42.35,0.95,,
12/23/14,42.97,1.46,,
12/24/14,42.94,-0.07,,
12/26/14,42.96,0.05,,
12/29/14,42.86,-0.23,,
12/30/14,42.76,-0.23,,
12/31/14,42.22,-1.26,,